Domingo_semana,region,0,0.0275,0.975
2020-03-01,1,0.3,0.0,0.9
2020-03-01,2,0.8,0.1,1.7
2020-03-01,3,0.2,0.0,0.7
2020-03-01,4,0.7,0.1,1.4
2020-03-01,5,1.3,0.4,2.4
2020-03-01,6,0.7,0.1,1.4
2020-03-01,7,1.0,0.3,1.9
2020-03-01,8,1.9,0.7,3.0
2020-03-01,9,1.6,0.6,3.1
2020-03-01,10,1.1,0.3,2.1
2020-03-01,11,0.1,0.0,0.6
2020-03-01,12,0.8,0.1,1.7
2020-03-01,13,10.4,7.1,13.9
2020-03-01,14,0.6,0.1,1.3
2020-03-01,15,0.5,0.0,1.3
2020-03-01,16,1.3,0.4,2.6
2020-03-08,1,0.2,-0.4,0.9
2020-03-08,2,0.6,-0.4,1.7
2020-03-08,3,0.0,-0.4,0.4
2020-03-08,4,0.5,-0.6,1.7
2020-03-08,5,1.5,-0.2,3.3
2020-03-08,6,0.4,-0.5,1.4
2020-03-08,7,0.7,-0.7,2.1
2020-03-08,8,3.3,0.9,5.6
2020-03-08,9,3.8,1.4,6.6
2020-03-08,10,1.8,0.1,3.6
2020-03-08,11,0.0,-0.4,0.4
2020-03-08,12,1.1,-0.1,2.7
2020-03-08,13,39.1,31.2,47.3
2020-03-08,14,0.4,-0.7,1.6
2020-03-08,15,0.1,-0.6,1.0
2020-03-08,16,4.0,1.9,6.3
2020-03-15,1,0.6,-0.4,1.7
2020-03-15,2,2.3,0.7,4.3
2020-03-15,3,0.1,-0.4,0.6
2020-03-15,4,1.1,-0.4,2.6
2020-03-15,5,7.0,4.2,10.1
2020-03-15,6,0.8,-0.5,2.3
2020-03-15,7,1.8,-0.1,4.0
2020-03-15,8,12.5,8.2,17.3
2020-03-15,9,23.1,17.5,28.9
2020-03-15,10,9.4,6.4,13.3
2020-03-15,11,-0.0,-0.4,0.3
2020-03-15,12,7.5,4.4,10.9
2020-03-15,13,93.5,77.1,109.7
2020-03-15,14,3.5,1.4,5.7
2020-03-15,15,0.5,-0.4,1.6
2020-03-15,16,17.0,12.4,21.9
2020-03-22,1,0.9,-0.2,2.4
2020-03-22,2,1.9,-0.7,4.3
2020-03-22,3,0.2,-0.4,0.9
2020-03-22,4,0.3,-1.4,2.0
2020-03-22,5,4.7,0.8,9.3
2020-03-22,6,0.2,-1.2,1.7
2020-03-22,7,2.8,0.1,5.7
2020-03-22,8,4.6,-1.2,10.3
2020-03-22,9,12.0,3.3,20.7
2020-03-22,10,7.3,1.5,14.0
2020-03-22,11,-0.0,-0.4,0.3
2020-03-22,12,8.7,4.0,13.9
2020-03-22,13,14.8,-4.0,33.3
2020-03-22,14,2.5,-0.5,5.4
2020-03-22,15,2.0,0.5,3.6
2020-03-22,16,8.7,2.1,15.2
2020-03-29,1,1.9,-0.2,4.0
2020-03-29,2,3.2,0.0,6.7
2020-03-29,3,0.2,-0.6,1.0
2020-03-29,4,-0.3,-2.1,1.6
2020-03-29,5,-0.5,-5.8,4.1
2020-03-29,6,-0.2,-1.8,1.4
2020-03-29,7,0.6,-2.9,3.7
2020-03-29,8,-1.8,-8.2,4.6
2020-03-29,9,-5.4,-13.2,2.4
2020-03-29,10,-3.5,-8.5,2.3
2020-03-29,11,-0.0,-0.3,0.3
2020-03-29,12,3.8,-2.1,9.7
2020-03-29,13,43.3,23.0,63.2
2020-03-29,14,-1.2,-4.1,1.4
2020-03-29,15,5.5,2.5,8.7
2020-03-29,16,-8.2,-14.3,-1.4
2020-04-05,1,1.6,-1.2,4.6
2020-04-05,2,5.4,0.9,10.7
2020-04-05,3,0.4,-0.5,1.4
2020-04-05,4,-0.1,-1.9,2.1
2020-04-05,5,-0.2,-4.8,4.2
2020-04-05,6,0.2,-1.4,2.0
2020-04-05,7,3.4,-0.4,7.9
2020-04-05,8,-5.6,-10.9,-0.6
2020-04-05,9,-6.0,-13.9,2.2
2020-04-05,10,-7.0,-11.4,-3.0
2020-04-05,11,0.0,-0.3,0.3
2020-04-05,12,1.4,-4.1,8.6
2020-04-05,13,50.0,28.5,69.9
2020-04-05,14,-1.6,-4.0,1.0
2020-04-05,15,1.0,-3.4,4.9
2020-04-05,16,-11.7,-17.4,-5.9
2020-04-12,1,2.8,-0.4,6.6
2020-04-12,2,8.0,1.2,14.4
2020-04-12,3,0.7,-0.4,2.0
2020-04-12,4,0.4,-1.5,2.3
2020-04-12,5,1.8,-2.6,7.0
2020-04-12,6,1.2,-0.7,3.0
2020-04-12,7,10.2,5.4,15.9
2020-04-12,8,-0.6,-5.3,4.6
2020-04-12,9,-0.9,-9.1,6.0
2020-04-12,10,-2.9,-6.9,0.4
2020-04-12,11,-0.0,-0.4,0.3
2020-04-12,12,-4.1,-9.5,2.4
2020-04-12,13,120.3,94.8,144.3
2020-04-12,14,-1.1,-3.6,1.2
2020-04-12,15,-1.3,-4.7,2.3
2020-04-12,16,-2.1,-6.4,1.7
2020-04-19,1,4.7,0.7,9.0
2020-04-19,2,12.9,5.1,20.4
2020-04-19,3,1.8,-0.1,3.9
2020-04-19,4,0.5,-1.9,2.3
2020-04-19,5,8.0,2.6,14.1
2020-04-19,6,2.8,0.4,5.0
2020-04-19,7,-12.7,-18.3,-7.7
2020-04-19,8,-3.7,-8.6,0.3
2020-04-19,9,-9.1,-16.9,-2.0
2020-04-19,10,-0.9,-3.7,2.1
2020-04-19,11,0.0,-0.3,0.3
2020-04-19,12,-6.5,-11.2,-0.7
2020-04-19,13,343.4,312.3,379.3
2020-04-19,14,-0.7,-2.8,1.6
2020-04-19,15,1.1,-3.4,4.7
2020-04-19,16,-2.2,-5.7,1.9
2020-04-26,1,19.1,12.2,24.6
2020-04-26,2,22.2,13.9,31.3
2020-04-26,3,2.7,0.4,5.9
2020-04-26,4,5.2,2.1,8.6
2020-04-26,5,31.1,22.8,39.7
2020-04-26,6,4.8,1.4,8.9
2020-04-26,7,-0.3,-4.1,3.6
2020-04-26,8,3.2,-1.4,7.3
2020-04-26,9,-3.8,-9.4,2.0
2020-04-26,10,1.6,-2.1,5.1
2020-04-26,11,0.0,-0.3,0.4
2020-04-26,12,2.5,-2.4,8.1
2020-04-26,13,1038.1,986.5,1090.6
2020-04-26,14,-0.5,-2.4,1.3
2020-04-26,15,-1.9,-5.8,1.7
2020-04-26,16,-0.7,-3.5,2.6
2020-05-03,1,26.3,17.8,35.9
2020-05-03,2,14.7,2.2,26.7
2020-05-03,3,0.8,-3.0,3.9
2020-05-03,4,17.6,12.3,23.6
2020-05-03,5,35.9,23.1,48.0
2020-05-03,6,19.5,13.5,26.0
2020-05-03,7,9.3,4.4,14.2
2020-05-03,8,15.1,8.6,21.7
2020-05-03,9,5.6,0.1,11.4
2020-05-03,10,3.2,-0.5,7.0
2020-05-03,11,0.0,-0.3,0.4
2020-05-03,12,-2.7,-7.2,1.7
2020-05-03,13,1524.4,1456.4,1601.6
2020-05-03,14,0.6,-1.1,2.4
2020-05-03,15,-0.4,-3.9,3.0
2020-05-03,16,5.5,2.0,9.9
2020-05-10,1,40.8,28.7,53.1
2020-05-10,2,19.4,7.0,31.4
2020-05-10,3,-2.4,-5.8,0.3
2020-05-10,4,3.7,-4.2,11.2
2020-05-10,5,49.2,35.1,65.9
2020-05-10,6,23.3,13.6,31.3
2020-05-10,7,17.6,11.4,24.6
2020-05-10,8,9.0,1.6,16.6
2020-05-10,9,5.5,-0.4,12.0
2020-05-10,10,2.0,-2.9,6.7
2020-05-10,11,0.1,-0.3,0.6
2020-05-10,12,-4.4,-8.0,-0.1
2020-05-10,13,818.2,718.7,911.7
2020-05-10,14,3.4,1.1,6.1
2020-05-10,15,5.2,1.3,9.6
2020-05-10,16,12.5,6.6,18.6
2020-05-17,1,26.9,13.3,44.0
2020-05-17,2,-0.8,-12.9,13.1
2020-05-17,3,1.4,-1.7,3.9
2020-05-17,4,5.6,-2.8,13.6
2020-05-17,5,34.3,18.2,50.0
2020-05-17,6,15.9,5.4,26.5
2020-05-17,7,35.4,25.8,46.3
2020-05-17,8,33.6,24.3,43.3
2020-05-17,9,13.8,6.6,21.4
2020-05-17,10,6.4,1.4,12.4
2020-05-17,11,0.2,-0.3,1.0
2020-05-17,12,-0.9,-4.0,2.3
2020-05-17,13,408.4,321.7,525.5
2020-05-17,14,5.7,2.7,8.9
2020-05-17,15,7.8,3.0,13.4
2020-05-17,16,0.5,-6.0,6.5
2020-05-24,1,-6.8,-22.2,9.3
2020-05-24,2,30.9,18.5,45.4
2020-05-24,3,6.0,2.1,10.0
2020-05-24,4,27.8,18.2,36.9
2020-05-24,5,46.6,25.6,66.9
2020-05-24,6,3.8,-8.5,16.1
2020-05-24,7,33.8,18.9,48.6
2020-05-24,8,25.8,13.6,39.0
2020-05-24,9,0.1,-9.2,7.7
2020-05-24,10,2.5,-3.9,8.0
2020-05-24,11,0.2,-0.6,1.0
2020-05-24,12,-2.8,-5.6,0.1
2020-05-24,13,-307.3,-403.5,-204.3
2020-05-24,14,-2.0,-6.3,2.1
2020-05-24,15,7.2,1.1,13.4
2020-05-24,16,4.7,-2.6,10.9
2020-05-31,1,-4.4,-17.3,9.4
2020-05-31,2,62.8,45.4,76.4
2020-05-31,3,11.5,6.6,16.9
2020-05-31,4,4.9,-6.1,15.7
2020-05-31,5,60.6,40.0,83.7
2020-05-31,6,32.1,18.8,44.3
2020-05-31,7,26.1,13.6,41.0
2020-05-31,8,6.3,-8.6,21.2
2020-05-31,9,2.4,-6.4,12.0
2020-05-31,10,1.0,-5.5,7.7
2020-05-31,11,-0.1,-1.0,0.9
2020-05-31,12,0.8,-2.1,3.6
2020-05-31,13,-363.8,-446.5,-285.0
2020-05-31,14,1.1,-3.2,5.4
2020-05-31,15,9.8,2.8,17.3
2020-05-31,16,9.2,1.5,17.1
2020-06-07,1,-5.9,-18.9,10.7
2020-06-07,2,41.9,19.6,60.5
2020-06-07,3,7.1,1.1,14.3
2020-06-07,4,6.0,-5.7,19.0
2020-06-07,5,-23.7,-48.1,1.2
2020-06-07,6,55.9,41.0,73.6
2020-06-07,7,13.6,-1.6,31.6
2020-06-07,8,57.0,42.2,72.8
2020-06-07,9,-2.3,-9.6,6.1
2020-06-07,10,5.5,-0.8,11.9
2020-06-07,11,0.1,-0.9,0.9
2020-06-07,12,9.9,5.3,13.9
2020-06-07,13,-797.4,-888.9,-714.3
2020-06-07,14,3.4,-1.4,8.3
2020-06-07,15,1.9,-6.2,9.4
2020-06-07,16,2.5,-6.7,11.6
2020-06-14,1,-16.3,-30.8,-4.4
2020-06-14,2,14.1,-9.5,36.6
2020-06-14,3,5.5,-1.2,13.1
2020-06-14,4,0.4,-13.2,12.7
2020-06-14,5,1.8,-21.4,26.4
2020-06-14,6,82.5,63.3,105.7
2020-06-14,7,12.5,-4.8,29.7
2020-06-14,8,45.0,23.8,63.2
2020-06-14,9,-10.6,-18.2,-3.1
2020-06-14,10,6.0,-0.1,13.4
2020-06-14,11,0.3,-0.7,1.4
2020-06-14,12,-0.9,-5.4,4.0
2020-06-14,13,-509.0,-591.3,-432.7
2020-06-14,14,-4.2,-8.4,0.4
2020-06-14,15,2.1,-6.9,11.2
2020-06-14,16,-0.1,-10.3,9.3
2020-06-21,1,-10.8,-21.4,1.0
2020-06-21,2,-4.9,-25.5,17.0
2020-06-21,3,-0.7,-8.5,6.4
2020-06-21,4,9.6,-3.3,21.5
2020-06-21,5,-25.4,-47.5,-2.7
2020-06-21,6,-17.0,-38.1,3.7
2020-06-21,7,-21.9,-38.8,-2.4
2020-06-21,8,-33.6,-56.4,-11.8
2020-06-21,9,1.3,-6.0,8.6
2020-06-21,10,2.9,-5.1,10.7
2020-06-21,11,0.3,-0.7,1.6
2020-06-21,12,-2.3,-6.8,2.6
2020-06-21,13,-684.2,-752.1,-614.6
2020-06-21,14,-1.3,-5.5,2.4
2020-06-21,15,7.1,-1.2,18.0
2020-06-21,16,-9.5,-17.7,-1.1
2020-06-28,1,1.5,-11.2,13.9
2020-06-28,2,-1.2,-20.8,18.6
2020-06-28,3,6.5,-1.4,14.7
2020-06-28,4,0.9,-11.1,14.0
2020-06-28,5,-21.3,-42.8,0.7
2020-06-28,6,-40.3,-60.1,-21.6
2020-06-28,7,-14.6,-28.9,3.9
2020-06-28,8,-33.7,-51.2,-14.6
2020-06-28,9,-3.5,-11.2,3.1
2020-06-28,10,13.6,3.6,23.0
2020-06-28,11,-0.3,-1.6,1.0
2020-06-28,12,-3.9,-7.5,-0.6
2020-06-28,13,-429.0,-488.8,-363.3
2020-06-28,14,-2.2,-5.5,1.1
2020-06-28,15,11.9,0.7,22.2
2020-06-28,16,8.9,0.7,17.3
2020-07-05,1,-12.5,-23.7,-0.6
2020-07-05,2,-54.0,-72.6,-35.5
2020-07-05,3,3.6,-4.5,11.4
2020-07-05,4,24.3,11.3,38.4
2020-07-05,5,-32.2,-54.7,-12.0
2020-07-05,6,-37.3,-54.8,-19.1
2020-07-05,7,-9.8,-25.1,3.6
2020-07-05,8,-0.9,-17.5,14.4
2020-07-05,9,-5.3,-11.4,1.7
2020-07-05,10,9.7,-1.3,21.0
2020-07-05,11,0.5,-0.6,1.9
2020-07-05,12,2.5,-1.4,6.1
2020-07-05,13,-288.5,-348.1,-236.5
2020-07-05,14,1.8,-1.6,5.2
2020-07-05,15,30.8,18.8,42.4
2020-07-05,16,7.3,-1.0,16.1
2020-07-12,1,0.0,-10.9,11.7
2020-07-12,2,-34.5,-52.3,-15.9
2020-07-12,3,10.2,0.1,20.2
2020-07-12,4,6.5,-7.5,22.3
2020-07-12,5,-1.4,-20.7,15.4
2020-07-12,6,-25.0,-42.9,-7.0
2020-07-12,7,-1.0,-15.4,13.6
2020-07-12,8,22.9,5.0,37.0
2020-07-12,9,3.0,-4.1,9.4
2020-07-12,10,9.6,-0.2,20.4
2020-07-12,11,-0.3,-1.8,1.0
2020-07-12,12,-0.9,-4.4,3.4
2020-07-12,13,-268.8,-305.4,-227.5
2020-07-12,14,0.4,-3.2,4.4
2020-07-12,15,16.8,3.9,32.0
2020-07-12,16,-13.8,-22.5,-4.3
2020-07-19,1,11.5,-1.3,23.2
2020-07-19,2,-18.2,-35.4,-2.0
2020-07-19,3,35.2,23.9,49.0
2020-07-19,4,7.3,-7.3,20.3
2020-07-19,5,-11.4,-29.9,8.3
2020-07-19,6,-31.4,-46.1,-18.0
2020-07-19,7,-3.8,-19.4,11.0
2020-07-19,8,6.2,-9.2,26.6
2020-07-19,9,12.3,3.9,20.3
2020-07-19,10,30.7,16.8,42.0
2020-07-19,11,-0.2,-1.3,1.0
2020-07-19,12,5.8,1.5,10.1
2020-07-19,13,-121.7,-158.1,-83.3
2020-07-19,14,-2.1,-5.8,1.6
2020-07-19,15,-3.6,-17.2,10.6
2020-07-19,16,-5.0,-12.3,3.0
2020-07-26,1,-10.2,-21.3,2.6
2020-07-26,2,0.2,-15.1,18.0
2020-07-26,3,21.6,7.2,36.5
2020-07-26,4,-0.4,-15.6,15.8
2020-07-26,5,-16.2,-34.5,2.4
2020-07-26,6,11.1,0.1,24.3
2020-07-26,7,-21.6,-36.2,-7.4
2020-07-26,8,-16.4,-33.3,4.7
2020-07-26,9,-3.4,-11.6,3.7
2020-07-26,10,6.9,-7.2,19.9
2020-07-26,11,0.2,-0.9,1.6
2020-07-26,12,9.1,2.6,15.7
2020-07-26,13,-80.1,-119.3,-39.6
2020-07-26,14,0.3,-3.0,4.0
2020-07-26,15,-18.5,-32.6,-6.0
2020-07-26,16,-2.4,-10.3,3.7
2020-08-02,1,-8.9,-21.7,4.2
2020-08-02,2,-14.8,-29.3,1.4
2020-08-02,3,5.5,-10.4,19.7
2020-08-02,4,-3.5,-18.5,10.2
2020-08-02,5,19.9,4.6,35.9
2020-08-02,6,-2.2,-14.7,11.9
2020-08-02,7,14.3,-0.6,28.7
2020-08-02,8,25.2,5.5,46.3
2020-08-02,9,-1.7,-9.4,5.7
2020-08-02,10,-14.5,-30.1,-0.4
2020-08-02,11,0.0,-1.3,1.6
2020-08-02,12,12.9,5.9,20.9
2020-08-02,13,-82.4,-118.1,-42.3
2020-08-02,14,0.5,-2.6,4.7
2020-08-02,15,0.5,-13.4,14.9
2020-08-02,16,3.7,-3.6,11.6
2020-08-09,1,1.3,-11.0,14.2
2020-08-09,2,-17.1,-32.0,-4.1
2020-08-09,3,-27.9,-43.8,-13.0
2020-08-09,4,-6.1,-20.5,9.6
2020-08-09,5,6.3,-13.3,23.9
2020-08-09,6,-15.8,-28.9,-3.9
2020-08-09,7,-12.9,-27.1,2.7
2020-08-09,8,9.3,-14.4,29.2
2020-08-09,9,6.1,-1.8,13.3
2020-08-09,10,-9.9,-23.4,4.5
2020-08-09,11,-0.2,-1.3,1.1
2020-08-09,12,16.8,6.4,26.6
2020-08-09,13,-65.3,-107.0,-30.9
2020-08-09,14,-0.4,-3.8,3.0
2020-08-09,15,-20.7,-32.5,-8.6
2020-08-09,16,1.8,-6.2,10.3
2020-08-16,1,-13.3,-23.9,-2.0
2020-08-16,2,-15.2,-28.4,0.0
2020-08-16,3,-24.6,-35.2,-12.0
2020-08-16,4,10.2,-4.4,25.7
2020-08-16,5,5.9,-13.7,24.6
2020-08-16,6,8.8,-4.1,24.9
2020-08-16,7,5.0,-7.3,20.2
2020-08-16,8,51.2,30.4,70.9
2020-08-16,9,1.0,-8.1,10.3
2020-08-16,10,-7.9,-19.9,3.2
2020-08-16,11,0.5,-0.9,2.0
2020-08-16,12,36.7,25.1,48.9
2020-08-16,13,-4.7,-32.6,27.1
2020-08-16,14,0.2,-3.4,4.3
2020-08-16,15,-5.5,-15.5,5.1
2020-08-16,16,21.4,12.4,30.6
2020-08-23,1,-6.2,-16.4,2.9
2020-08-23,2,-0.9,-15.1,13.5
2020-08-23,3,-16.2,-26.0,-5.6
2020-08-23,4,-24.8,-40.5,-10.0
2020-08-23,5,4.0,-15.4,22.6
2020-08-23,6,19.6,3.2,32.9
2020-08-23,7,9.1,-3.3,24.4
2020-08-23,8,21.6,3.3,44.6
2020-08-23,9,11.9,1.7,20.1
2020-08-23,10,3.3,-6.9,14.4
2020-08-23,11,0.6,-1.0,2.1
2020-08-23,12,40.9,24.8,57.6
2020-08-23,13,4.7,-24.5,37.2
2020-08-23,14,3.1,-0.7,7.0
2020-08-23,15,-1.8,-12.4,11.4
2020-08-23,16,8.6,-1.8,21.0
2020-08-30,1,-9.2,-17.2,-1.1
2020-08-30,2,-14.8,-26.2,-2.7
2020-08-30,3,-2.3,-11.0,7.9
2020-08-30,4,-16.0,-31.7,-3.0
2020-08-30,5,-6.7,-26.0,12.0
2020-08-30,6,-1.4,-15.7,14.6
2020-08-30,7,48.3,31.4,64.6
2020-08-30,8,-24.8,-48.2,-2.0
2020-08-30,9,16.7,6.5,26.7
2020-08-30,10,-1.0,-12.5,11.2
2020-08-30,11,0.3,-1.4,2.0
2020-08-30,12,41.1,25.3,57.7
2020-08-30,13,-12.4,-41.5,19.3
2020-08-30,14,9.4,4.0,15.0
2020-08-30,15,-7.6,-18.8,3.0
2020-08-30,16,2.3,-11.4,12.9
2020-09-06,1,-3.9,-11.9,3.7
2020-09-06,2,-13.7,-24.3,-2.4
2020-09-06,3,-0.9,-11.5,9.0
2020-09-06,4,-12.8,-25.0,0.2
2020-09-06,5,-19.8,-37.2,0.0
2020-09-06,6,-22.6,-34.3,-7.2
2020-09-06,7,2.1,-13.9,18.4
2020-09-06,8,-37.9,-58.1,-16.0
2020-09-06,9,8.1,-4.4,20.0
2020-09-06,10,3.1,-8.7,16.6
2020-09-06,11,4.3,1.7,7.4
2020-09-06,12,-0.6,-17.9,18.4
2020-09-06,13,-94.2,-124.6,-63.1
2020-09-06,14,6.7,0.6,13.3
2020-09-06,15,-4.0,-13.5,5.3
2020-09-06,16,5.0,-6.3,17.1
2020-09-13,1,-10.7,-17.9,-4.3
2020-09-13,2,-8.2,-17.9,1.0
2020-09-13,3,-4.0,-13.2,6.2
2020-09-13,4,-28.6,-39.1,-18.6
2020-09-13,5,-53.8,-68.9,-38.7
2020-09-13,6,-8.3,-21.5,5.4
2020-09-13,7,-13.2,-29.4,3.4
2020-09-13,8,-23.5,-41.2,-0.6
2020-09-13,9,6.9,-5.3,22.4
2020-09-13,10,16.2,3.6,28.4
2020-09-13,11,8.4,3.7,13.6
2020-09-13,12,4.4,-16.3,21.3
2020-09-13,13,-53.8,-81.0,-25.1
2020-09-13,14,-5.3,-12.0,1.7
2020-09-13,15,-3.2,-12.2,5.7
2020-09-13,16,-24.4,-35.5,-13.3
2020-09-20,1,2.0,-4.7,8.1
2020-09-20,2,7.1,-2.2,17.9
2020-09-20,3,-3.5,-11.8,5.7
2020-09-20,4,5.4,-4.0,14.2
2020-09-20,5,6.5,-6.9,21.0
2020-09-20,6,-7.6,-20.9,5.9
2020-09-20,7,-3.0,-18.1,13.3
2020-09-20,8,19.6,0.8,36.3
2020-09-20,9,28.3,14.4,42.9
2020-09-20,10,28.6,14.9,44.9
2020-09-20,11,13.7,6.8,20.4
2020-09-20,12,31.4,11.4,50.7
2020-09-20,13,32.4,10.1,57.3
2020-09-20,14,28.2,19.9,37.7
2020-09-20,15,15.6,6.1,25.2
2020-09-20,16,-4.8,-13.9,3.6
2020-09-27,1,2.2,-3.8,8.7
2020-09-27,2,-2.4,-12.7,7.7
2020-09-27,3,-7.0,-14.2,0.3
2020-09-27,4,-14.2,-22.7,-5.4
2020-09-27,5,-2.5,-17.4,10.9
2020-09-27,6,3.6,-7.7,15.6
2020-09-27,7,-27.7,-41.2,-11.8
2020-09-27,8,-28.8,-46.3,-11.2
2020-09-27,9,29.3,15.4,46.4
2020-09-27,10,30.5,13.6,45.6
2020-09-27,11,-6.3,-13.5,0.9
2020-09-27,12,-32.9,-53.2,-10.7
2020-09-27,13,-55.1,-79.7,-30.3
2020-09-27,14,-1.7,-12.7,7.4
2020-09-27,15,-2.7,-13.6,7.2
2020-09-27,16,-5.0,-12.8,2.7
2020-10-04,1,-3.2,-9.9,3.2
2020-10-04,2,-2.6,-12.7,6.3
2020-10-04,3,-3.5,-10.7,5.3
2020-10-04,4,-7.9,-15.5,-0.4
2020-10-04,5,-17.8,-31.2,-3.4
2020-10-04,6,-1.3,-13.2,10.7
2020-10-04,7,-2.0,-18.7,12.3
2020-10-04,8,29.5,12.1,47.5
2020-10-04,9,17.0,-2.1,37.4
2020-10-04,10,21.6,4.4,38.9
2020-10-04,11,-3.7,-11.2,3.0
2020-10-04,12,-61.9,-82.8,-43.6
2020-10-04,13,-7.9,-31.9,16.0
2020-10-04,14,-4.9,-14.9,4.4
2020-10-04,15,-10.0,-19.4,-0.7
2020-10-04,16,-1.5,-9.9,6.2
2020-10-11,1,2.7,-3.6,8.9
2020-10-11,2,-6.1,-14.9,4.2
2020-10-11,3,-3.5,-9.5,3.6
2020-10-11,4,-4.1,-11.3,2.1
2020-10-11,5,-9.9,-23.9,3.4
2020-10-11,6,-2.0,-12.7,12.0
2020-10-11,7,-10.5,-23.4,2.5
2020-10-11,8,22.1,4.4,41.3
2020-10-11,9,-8.2,-25.7,6.9
2020-10-11,10,13.0,-4.2,29.4
2020-10-11,11,2.3,-3.6,9.2
2020-10-11,12,-34.7,-49.7,-21.3
2020-10-11,13,-5.0,-30.9,23.4
2020-10-11,14,11.7,2.6,22.6
2020-10-11,15,-3.0,-12.0,6.2
2020-10-11,16,-0.7,-8.7,6.4
2020-10-18,1,7.1,0.9,14.6
2020-10-18,2,-0.9,-8.4,7.4
2020-10-18,3,-3.5,-8.9,2.3
2020-10-18,4,-4.1,-9.6,1.0
2020-10-18,5,-12.2,-24.0,-0.3
2020-10-18,6,-19.9,-30.8,-7.7
2020-10-18,7,-15.0,-28.6,-0.4
2020-10-18,8,-18.4,-40.6,0.6
2020-10-18,9,19.1,2.0,39.9
2020-10-18,10,1.0,-16.5,18.7
2020-10-18,11,-10.7,-16.4,-4.6
2020-10-18,12,-4.9,-17.2,7.2
2020-10-18,13,-21.6,-45.6,4.2
2020-10-18,14,7.0,-1.8,17.2
2020-10-18,15,-6.6,-14.9,0.9
2020-10-18,16,2.3,-6.8,11.0
2020-10-25,1,-1.4,-8.9,5.6
2020-10-25,2,-5.8,-14.4,2.5
2020-10-25,3,-9.9,-15.8,-4.5
2020-10-25,4,-4.8,-9.9,0.4
2020-10-25,5,-1.4,-12.1,10.7
2020-10-25,6,-14.5,-25.0,-5.0
2020-10-25,7,2.5,-8.1,14.9
2020-10-25,8,-0.5,-23.0,20.4
2020-10-25,9,21.4,-0.1,41.5
2020-10-25,10,5.5,-12.7,24.2
2020-10-25,11,-1.5,-6.5,2.7
2020-10-25,12,4.8,-6.4,16.3
2020-10-25,13,-21.3,-46.1,4.4
2020-10-25,14,15.0,3.9,26.4
2020-10-25,15,-6.8,-14.7,0.1
2020-10-25,16,4.7,-4.0,13.4
2020-11-01,1,7.1,0.3,16.3
2020-11-01,2,-5.9,-12.9,1.4
2020-11-01,3,-4.6,-9.1,-0.7
2020-11-01,4,-0.6,-5.2,3.4
2020-11-01,5,2.2,-10.9,15.9
2020-11-01,6,2.9,-7.2,11.6
2020-11-01,7,-8.9,-19.2,2.7
2020-11-01,8,22.2,1.3,44.0
2020-11-01,9,-4.5,-23.6,13.4
2020-11-01,10,17.8,-5.5,38.3
2020-11-01,11,-1.6,-5.3,2.0
2020-11-01,12,-16.0,-28.4,-5.4
2020-11-01,13,-1.1,-18.9,19.9
2020-11-01,14,12.1,-0.2,23.3
2020-11-01,15,-1.2,-9.7,7.1
2020-11-01,16,0.0,-10.6,9.1
2020-11-08,1,-6.4,-14.6,1.9
2020-11-08,2,-0.3,-6.6,7.0
2020-11-08,3,3.5,-0.5,7.3
2020-11-08,4,2.3,-2.7,7.7
2020-11-08,5,-4.8,-17.9,8.1
2020-11-08,6,-4.9,-12.9,3.9
2020-11-08,7,4.2,-7.6,16.2
2020-11-08,8,31.5,12.3,50.9
2020-11-08,9,-19.9,-36.7,-4.3
2020-11-08,10,-16.5,-37.4,3.6
2020-11-08,11,-0.9,-4.1,2.1
2020-11-08,12,0.3,-10.4,11.1
2020-11-08,13,-1.2,-25.6,20.9
2020-11-08,14,5.2,-8.5,20.4
2020-11-08,15,-7.3,-14.2,0.2
2020-11-08,16,7.4,-0.6,15.7
2020-11-15,1,-3.3,-10.7,3.7
2020-11-15,2,-3.7,-10.4,3.3
2020-11-15,3,1.7,-2.7,6.7
2020-11-15,4,6.1,0.8,11.6
2020-11-15,5,1.6,-8.9,12.4
2020-11-15,6,1.8,-7.0,10.4
2020-11-15,7,-5.7,-16.3,6.3
2020-11-15,8,-0.8,-24.5,21.3
2020-11-15,9,-7.6,-28.3,9.0
2020-11-15,10,-15.3,-33.1,3.4
2020-11-15,11,-0.4,-3.4,3.0
2020-11-15,12,16.2,5.1,26.6
2020-11-15,13,12.8,-14.3,37.9
2020-11-15,14,-1.5,-15.1,11.9
2020-11-15,15,-5.2,-10.7,0.2
2020-11-15,16,2.8,-6.4,11.7
2020-11-22,1,3.6,-3.4,11.7
2020-11-22,2,0.6,-6.2,8.0
2020-11-22,3,0.2,-4.3,5.0
2020-11-22,4,9.1,2.7,16.3
2020-11-22,5,10.5,0.1,21.4
2020-11-22,6,1.3,-7.8,10.4
2020-11-22,7,0.5,-10.9,12.3
2020-11-22,8,35.7,12.7,56.7
2020-11-22,9,4.0,-13.0,22.7
2020-11-22,10,-40.3,-58.9,-22.7
2020-11-22,11,-1.1,-4.3,2.7
2020-11-22,12,1.3,-10.5,12.2
2020-11-22,13,27.3,5.1,52.5
2020-11-22,14,-11.8,-24.6,1.3
2020-11-22,15,-2.8,-8.1,3.1
2020-11-22,16,0.3,-10.5,9.3
2020-11-29,1,7.5,-0.4,15.4
2020-11-29,2,4.2,-2.4,9.9
2020-11-29,3,-2.5,-7.1,2.6
2020-11-29,4,4.2,-4.2,12.4
2020-11-29,5,15.6,2.4,28.9
2020-11-29,6,7.0,-2.9,15.9
2020-11-29,7,15.8,3.6,27.2
2020-11-29,8,43.9,21.4,65.2
2020-11-29,9,10.1,-8.5,28.3
2020-11-29,10,-1.0,-19.2,15.3
2020-11-29,11,1.2,-1.6,4.1
2020-11-29,12,2.8,-7.5,15.9
2020-11-29,13,73.9,52.1,100.0
2020-11-29,14,6.3,-6.5,19.2
2020-11-29,15,0.5,-4.6,5.4
2020-11-29,16,2.8,-6.9,12.9
2020-12-06,1,14.2,5.8,24.0
2020-12-06,2,17.5,10.3,25.2
2020-12-06,3,0.2,-3.6,4.0
2020-12-06,4,4.4,-3.4,12.7
2020-12-06,5,4.8,-8.9,19.1
2020-12-06,6,0.9,-9.3,9.7
2020-12-06,7,39.0,24.3,56.3
2020-12-06,8,28.7,3.5,53.0
2020-12-06,9,-0.8,-19.2,17.0
2020-12-06,10,1.2,-16.3,18.0
2020-12-06,11,0.8,-2.8,4.3
2020-12-06,12,1.2,-11.6,14.3
2020-12-06,13,56.7,32.2,84.7
2020-12-06,14,7.2,-5.1,19.2
2020-12-06,15,6.1,0.3,12.4
2020-12-06,16,3.3,-5.3,13.0
2020-12-13,1,21.0,11.3,32.0
2020-12-13,2,17.3,8.1,27.2
2020-12-13,3,4.8,-0.6,9.6
2020-12-13,4,6.4,-1.9,13.7
2020-12-13,5,30.4,14.6,46.9
2020-12-13,6,12.7,2.8,24.7
2020-12-13,7,46.1,30.6,62.1
2020-12-13,8,15.8,-12.7,47.3
2020-12-13,9,12.2,-7.1,31.0
2020-12-13,10,45.5,28.1,62.3
2020-12-13,11,4.3,-0.2,8.7
2020-12-13,12,-9.4,-23.2,2.9
2020-12-13,13,44.9,16.9,71.5
2020-12-13,14,0.2,-11.6,12.4
2020-12-13,15,0.4,-5.9,6.7
2020-12-13,16,5.7,-4.1,16.3
2020-12-20,1,23.5,9.4,37.2
2020-12-20,2,16.6,4.4,29.4
2020-12-20,3,1.7,-3.5,7.7
2020-12-20,4,-1.0,-9.1,7.3
2020-12-20,5,12.9,-4.7,30.3
2020-12-20,6,10.0,0.2,22.5
2020-12-20,7,44.9,25.3,64.2
2020-12-20,8,-16.0,-44.7,10.5
2020-12-20,9,20.4,3.4,40.2
2020-12-20,10,47.0,28.6,71.3
2020-12-20,11,9.4,4.6,14.9
2020-12-20,12,3.8,-7.9,15.9
2020-12-20,13,79.7,52.4,110.1
2020-12-20,14,9.4,-6.5,23.2
2020-12-20,15,3.7,-2.8,10.1
2020-12-20,16,21.0,9.9,31.2
2020-12-27,1,49.8,35.3,66.8
2020-12-27,2,67.4,52.9,84.4
2020-12-27,3,13.2,7.1,20.1
2020-12-27,4,15.5,6.6,24.0
2020-12-27,5,71.1,52.4,89.5
2020-12-27,6,34.9,21.7,47.9
2020-12-27,7,67.1,45.3,90.6
2020-12-27,8,61.9,32.8,92.2
2020-12-27,9,53.1,31.0,73.6
2020-12-27,10,104.0,84.6,128.1
2020-12-27,11,1.3,-4.8,7.2
2020-12-27,12,23.0,11.7,36.0
2020-12-27,13,133.6,99.0,166.3
2020-12-27,14,32.9,16.3,50.0
2020-12-27,15,10.3,2.8,18.0
2020-12-27,16,-3.7,-15.0,8.0
2021-01-03,1,75.8,57.6,96.8
2021-01-03,2,139.2,112.2,164.6
2021-01-03,3,27.5,18.3,36.2
2021-01-03,4,21.1,10.2,33.6
2021-01-03,5,65.6,43.3,87.5
2021-01-03,6,36.7,19.4,51.7
2021-01-03,7,59.1,33.0,84.9
2021-01-03,8,60.1,33.0,91.6
2021-01-03,9,41.1,18.0,71.2
2021-01-03,10,227.7,202.4,260.3
2021-01-03,11,13.1,5.4,20.3
2021-01-03,12,12.7,-1.7,27.2
2021-01-03,13,94.5,53.2,134.7
2021-01-03,14,67.2,43.4,86.9
2021-01-03,15,31.7,22.6,42.0
2021-01-03,16,16.2,2.4,29.4
2021-01-10,1,-11.1,-40.0,23.9
2021-01-10,2,-15.9,-44.4,14.7
2021-01-10,3,25.8,6.3,52.2
2021-01-10,4,8.4,-6.4,24.4
2021-01-10,5,-32.4,-62.0,-3.3
2021-01-10,6,-18.7,-36.6,3.0
2021-01-10,7,28.2,-7.5,67.8
2021-01-10,8,-46.4,-81.4,-8.4
2021-01-10,9,-41.9,-72.8,-6.6
2021-01-10,10,-19.1,-61.5,24.4
2021-01-10,11,-3.1,-12.7,8.4
2021-01-10,12,-27.7,-45.3,-8.3
2021-01-10,13,-30.1,-86.2,29.2
2021-01-10,14,6.8,-23.4,36.9
2021-01-10,15,15.2,3.1,28.7
2021-01-10,16,3.0,-14.5,19.6
2021-01-17,1,-212.2,-241.1,-186.4
2021-01-17,2,-269.4,-295.5,-243.9
2021-01-17,3,-82.7,-108.1,-63.5
2021-01-17,4,-87.0,-101.7,-73.8
2021-01-17,5,-247.6,-275.4,-222.2
2021-01-17,6,-124.9,-143.4,-108.3
2021-01-17,7,-370.7,-410.2,-332.9
2021-01-17,8,-431.3,-462.2,-403.8
2021-01-17,9,-256.4,-282.9,-233.1
2021-01-17,10,-547.7,-582.7,-509.0
2021-01-17,11,-32.1,-41.1,-25.0
2021-01-17,12,-86.7,-102.7,-72.8
2021-01-17,13,-758.7,-812.7,-705.4
2021-01-17,14,-210.2,-234.1,-188.0
2021-01-17,15,-81.2,-95.5,-68.8
2021-01-17,16,-98.8,-114.5,-86.0
