Indicador,Valor,cod_color,fecha
A1,2.55494953056047,2,2020-04-01
A1,2.28180145141073,2,2020-04-02
A1,2.30287214048908,2,2020-04-03
A1,2.19970285189207,2,2020-04-04
A1,1.94325714823127,2,2020-04-05
A1,2.5289966086469,2,2020-04-06
A1,2.28192993122219,2,2020-04-07
A1,2.34360024071978,2,2020-04-08
A1,2.52848268940108,2,2020-04-09
A1,2.49276530181706,2,2020-04-10
A1,2.11220810029237,2,2020-04-11
A1,2.16372850468514,2,2020-04-12
A1,3.14544274399986,2,2020-04-13
A1,2.9818879440198,2,2020-04-14
A1,3.49979006398809,2,2020-04-15
A1,3.32056072701072,2,2020-04-16
A1,3.20762697274326,2,2020-04-17
A1,3.14518578437696,2,2020-04-18
A1,3.16587103402094,2,2020-04-19
A1,5.18094839685461,3,2020-04-20
A1,4.18484441865712,2,2020-04-21
A1,4.55358147752811,2,2020-04-22
A1,4.94454554378052,2,2020-04-23
A1,6.00270527090996,3,2020-04-24
A1,5.951698785763,3,2020-04-25
A1,6.21366912131629,3,2020-04-26
A1,9.57020419553394,3,2020-04-27
A1,9.25697041521078,3,2020-04-28
A1,9.52330906435348,3,2020-04-29
A1,11.1629684181206,4,2020-04-30
A1,15.7371066654812,4,2020-05-01
A1,14.5958205003415,4,2020-05-02
A1,15.4548365197183,4,2020-05-03
A1,21.0353571301927,4,2020-05-04
A1,19.2413935228702,4,2020-05-05
A1,19.2361258506006,4,2020-05-06
A1,19.7762549779503,4,2020-05-07
A1,22.3818255542234,4,2020-05-08
A1,21.2407963487065,4,2020-05-09
A1,23.2085931409254,4,2020-05-10
A1,28.0200336000403,4,2020-05-11
A1,25.2697947560708,4,2020-05-12
A1,22.8746741109582,4,2020-05-13
A1,22.263238688252,4,2020-05-14
A1,28.5551520147433,4,2020-05-15
A1,25.0703940886953,4,2020-05-16
A1,24.9217429468438,4,2020-05-17
A1,31.581493973526,4,2020-05-18
A1,26.6481261733419,4,2020-05-19
A1,31.4476180099916,4,2020-05-20
A1,25.1157474621383,4,2020-05-21
A1,29.766716636748,4,2020-05-22
A1,27.1607606210406,4,2020-05-23
A1,24.618530591814,4,2020-05-24
A1,33.1994402391575,4,2020-05-25
A1,26.1852134126756,4,2020-05-26
A1,26.7753211866807,4,2020-05-27
A1,27.0841866534144,4,2020-05-28
A1,28.1694556207605,4,2020-05-29
A1,25.9124507729602,4,2020-05-30
A1,23.6253816492799,4,2020-05-31
A1,37.6498524280886,4,2020-06-01
A1,25.3624287001286,4,2020-06-02
A1,24.2885944360019,4,2020-06-03
A1,24.068123079548,4,2020-06-04
A1,27.6804614583692,4,2020-06-05
A1,24.1861960262736,4,2020-06-06
A1,21.3122311238746,4,2020-06-07
A1,28.1442735777156,4,2020-06-08
A1,22.3977570508436,4,2020-06-09
A1,23.6933474695387,4,2020-06-10
A1,21.5355290361804,4,2020-06-11
A1,24.1240117975302,4,2020-06-12
A1,22.428206766158,4,2020-06-13
A1,20.0635358363599,4,2020-06-14
A1,25.8041422919051,4,2020-06-15
A1,22.1468359790753,4,2020-06-16
A1,20.1097885684831,4,2020-06-17
A1,20.7782690274746,4,2020-06-18
A1,21.3482054710815,4,2020-06-19
A1,20.0898741977078,4,2020-06-20
A1,16.6787352036225,4,2020-06-21
A1,20.3771550561174,4,2020-06-22
A1,18.2804930130109,4,2020-06-23
A1,17.2123118605881,4,2020-06-24
A1,16.5695273638872,4,2020-06-25
A1,17.0569797685411,4,2020-06-26
A1,14.6364201207607,4,2020-06-27
A1,13.8860980218734,4,2020-06-28
A1,14.8986474159369,4,2020-06-29
A1,15.9419034849378,4,2020-06-30
A1,17.6452888251857,4,2020-07-01
A1,13.2233991543973,4,2020-07-02
A1,14.0556913729918,4,2020-07-03
A1,12.7297797187937,4,2020-07-04
A1,12.1904214703127,4,2020-07-05
A1,15.2026306498355,4,2020-07-06
A1,13.2799302714367,4,2020-07-07
A1,12.2175307105293,4,2020-07-08
A1,11.9452819900598,4,2020-07-09
A1,13.5276393479187,4,2020-07-10
A1,10.8391992932583,4,2020-07-11
A1,10.5155586482074,4,2020-07-12
A1,12.9204437589904,4,2020-07-13
A1,11.8697358609252,4,2020-07-14
A1,11.3181720303562,4,2020-07-15
A1,9.68737778357936,3,2020-07-16
A1,11.9554318951646,4,2020-07-17
A1,10.7929465611351,4,2020-07-18
A1,9.16330863266132,3,2020-07-19
A1,13.0489235704437,4,2020-07-20
A1,11.178385995495,4,2020-07-21
A1,10.6793704078103,4,2020-07-22
A1,11.3430971137781,4,2020-07-23
A1,10.6494346117417,4,2020-07-24
A1,9.71924077681978,3,2020-07-25
A1,8.32060954933907,3,2020-07-26
A1,11.8978729396335,4,2020-07-27
A1,10.1360292851743,4,2020-07-28
A1,9.75046137100293,3,2020-07-29
A1,10.2185133241273,4,2020-07-30
A1,10.3768004518378,4,2020-07-31
A1,10.5665651333543,4,2020-08-01
A1,8.86600634895836,3,2020-08-02
A1,11.5684507030672,4,2020-08-03
A1,10.7207409070983,4,2020-08-04
A1,9.84168203713478,3,2020-08-05
A1,10.1140592374158,4,2020-08-06
A1,10.1862648914525,4,2020-08-07
A1,8.40784734131587,3,2020-08-08
A1,7.2980387299822,3,2020-08-09
A1,11.2860520774929,4,2020-08-10
A1,9.99097557804352,3,2020-08-11
A1,9.45662804220922,3,2020-08-12
A1,8.96801931925229,3,2020-08-13
A1,9.54951894588996,3,2020-08-14
A1,7.85821070791862,3,2020-08-15
A1,7.2377816984106,3,2020-08-16
A1,10.8086210981324,4,2020-08-17
A1,10.5253231138778,4,2020-08-18
A1,9.90887697852486,3,2020-08-19
A1,10.4736742296736,4,2020-08-20
A1,9.780525646883,3,2020-08-21
A1,8.2126865077183,3,2020-08-22
A1,7.62681856749122,3,2020-08-23
A1,11.435731057836,4,2020-08-24
A1,10.7320471305062,4,2020-08-25
A1,10.6485352530615,4,2020-08-26
A1,10.161725247465,4,2020-08-27
A1,10.7820257771615,4,2020-08-28
A1,8.42878955058276,3,2020-08-29
A1,7.4570967365614,3,2020-08-30
A1,11.540056664736,4,2020-08-31
A1,11.2137179436446,4,2020-09-01
A1,10.494487959129,4,2020-09-02
A1,10.5212117599113,4,2020-09-03
A1,10.8551307898785,4,2020-09-04
A1,8.50060976518516,3,2020-09-05
A1,7.45182906429181,3,2020-09-06
A1,11.2602276353907,4,2020-09-07
A1,10.160311969539,4,2020-09-08
A1,9.58587873253124,3,2020-09-09
A1,9.15534288435121,3,2020-09-10
A1,9.32300903829778,3,2020-09-11
A1,7.46788904072347,3,2020-09-12
A1,6.73825219148014,3,2020-09-13
A1,9.57945474195858,3,2020-09-14
A1,9.0092613387288,3,2020-09-15
A1,8.12532023593005,3,2020-09-16
A1,8.37251539316621,3,2020-09-17
A1,7.41598319689634,3,2020-09-18
A1,7.08206416692919,3,2020-09-19
A1,7.87851051812825,3,2020-09-20
A1,11.2292640008305,4,2020-09-21
A1,9.30206682903089,3,2020-09-22
A1,9.37941167552578,3,2020-09-23
A1,9.21983974970077,3,2020-09-24
A1,9.82639293957183,3,2020-09-25
A1,7.61152946992827,3,2020-09-26
A1,6.62981523061355,3,2020-09-27
A1,10.9725613375468,4,2020-09-28
A1,8.71144513578003,3,2020-09-29
A1,8.11992408384901,3,2020-09-30
A1,9.05076031782822,3,2020-10-01
A1,8.87063162217068,3,2020-10-02
A1,7.26206438277528,3,2020-10-03
A1,6.22934365831359,3,2020-10-04
A1,9.31761288621674,3,2020-10-05
A1,9.04536416574718,3,2020-10-06
A1,8.24878933473667,3,2020-10-07
A1,8.58810451678486,3,2020-10-08
A1,8.51101662991287,3,2020-10-09
A1,7.53418462343338,3,2020-10-10
A1,6.00309071034432,3,2020-10-11
A1,7.62656160786831,3,2020-10-12
A1,9.64639272372575,3,2020-10-13
A1,8.91341539938463,3,2020-10-14
A1,8.57281541922192,3,2020-10-15
A1,8.2129434673412,3,2020-10-16
A1,6.95345587566443,3,2020-10-17
A1,6.17846565297809,3,2020-10-18
A1,9.50249533489804,3,2020-10-19
A1,8.38227985883666,3,2020-10-20
A1,7.61140099011682,3,2020-10-21
A1,7.25307079597355,3,2020-10-22
A1,7.57529816309844,3,2020-10-23
A1,6.31221313670098,3,2020-10-24
A1,5.89465374947773,3,2020-10-25
A1,8.72763359202315,3,2020-10-26
A1,8.54711945693125,3,2020-10-27
A1,8.35786869466053,3,2020-10-28
A1,7.14360599661533,3,2020-10-29
A1,7.52955935022106,3,2020-10-30
A1,6.09508225534489,3,2020-10-31
A1,6.26030729287384,3,2020-11-01
A1,9.43054664048419,3,2020-11-02
A1,8.18699054542764,3,2020-11-03
A1,7.61178642955118,3,2020-11-04
A1,7.54947372099632,3,2020-11-05
A1,7.64262158429997,3,2020-11-06
A1,6.52754530069672,3,2020-11-07
A1,6.01902220696453,3,2020-11-08
A1,9.10754839449058,3,2020-11-09
A1,8.59375762848881,3,2020-11-10
A1,7.89405657531409,3,2020-11-11
A1,7.34955913437498,3,2020-11-12
A1,7.44681835164513,3,2020-11-13
A1,6.40908691453677,3,2020-11-14
A1,5.88617408192181,3,2020-11-15
A1,8.73200190561256,3,2020-11-16
A1,7.96060911764691,3,2020-11-17
A1,7.82236484052315,3,2020-11-18
A1,7.9760266950213,3,2020-11-19
A1,8.08985980796893,3,2020-11-20
A1,6.28523237629578,3,2020-11-21
A1,5.99795151788619,3,2020-11-22
A1,9.4522597286198,3,2020-11-23
A1,8.58257988489237,3,2020-11-24
A1,8.1254487157415,3,2020-11-25
A1,7.98694747899484,3,2020-11-26
A1,7.94532002008396,3,2020-11-27
A1,6.55285582355302,3,2020-11-28
A1,6.00283375072141,3,2020-11-29
A1,9.81123232182034,3,2020-11-30
A1,9.77538645442487,3,2020-12-01
A1,9.57714210535242,3,2020-12-02
A1,9.40510763781644,3,2020-12-03
A1,9.17859773022426,3,2020-12-04
A1,7.73962384194722,3,2020-12-05
A1,6.90206395108311,3,2020-12-06
A1,11.1678506509558,4,2020-12-07
A1,9.0656639759568,3,2020-12-08
A1,10.7361584844727,4,2020-12-09
A1,10.586864943564,4,2020-12-10
A1,10.6034388392414,4,2020-12-11
A1,9.27637086674023,3,2020-12-12
A1,8.62497822267196,3,2020-12-13
A1,12.9826279877338,4,2020-12-14
A1,12.1833550806828,4,2020-12-15
A1,11.2821976831493,4,2020-12-16
A1,11.1253238333648,4,2020-12-17
A1,11.4434398465232,4,2020-12-18
A1,9.99136101747788,3,2020-12-19
A1,9.8523458614854,3,2020-12-20
A1,14.7769770344907,4,2020-12-21
A1,13.3317076354524,4,2020-12-22
A1,13.0895231908629,4,2020-12-23
A1,11.8568878797799,4,2020-12-24
A1,11.3216409852654,4,2020-12-25
A1,13.5992026028982,4,2020-12-26
A1,13.594320370063,4,2020-12-27
A1,20.438825365615,4,2020-12-28
A1,17.3096995576697,4,2020-12-29
A1,17.0216478203914,4,2020-12-30
A1,14.6879405251535,4,2020-12-31
A1,15.0687546863011,4,2021-01-01
A1,16.8214762741471,4,2021-01-02
A1,16.421518621093,4,2021-01-03
A1,26.5088540577265,4,2021-01-04
A1,22.7219116151403,4,2021-01-05
A1,22.8706912368032,4,2021-01-06
A1,21.9410113211271,4,2021-01-07
A1,22.4893631564098,4,2021-01-08
A1,18.435568145435,4,2021-01-09
A1,15.7773208464661,4,2021-01-10
A1,24.1491938405751,4,2021-01-11
A1,21.8527456906586,4,2021-01-12
A1,20.737283967621,4,2021-01-13
A1,21.9805831030547,4,2021-01-14
A1,21.6625955697077,4,2021-01-15
A1,25.7297524810736,4,2021-01-16
A2,3.92060997953897,4,2020-03-08
A2,3.64290124903277,4,2020-03-09
A2,3.56618877572423,4,2020-03-10
A2,3.4254530373923,4,2020-03-11
A2,3.34790202603318,4,2020-03-12
A2,3.42418846471319,4,2020-03-13
A2,3.51026989269344,4,2020-03-14
A2,3.48811053246303,4,2020-03-15
A2,3.65350862266697,4,2020-03-16
A2,3.45232057436794,4,2020-03-17
A2,3.14766107696924,4,2020-03-18
A2,2.85983606481216,4,2020-03-19
A2,2.62213812955257,4,2020-03-20
A2,2.33546185683676,4,2020-03-21
A2,2.06920067989553,4,2020-03-22
A2,1.86395720317704,4,2020-03-23
A2,1.68534681671367,4,2020-03-24
A2,1.55361394546359,4,2020-03-25
A2,1.44880588429153,4,2020-03-26
A2,1.34616067950697,4,2020-03-27
A2,1.27404961256216,4,2020-03-28
A2,1.21179887930252,4,2020-03-29
A2,1.16874250936362,4,2020-03-30
A2,1.14341672284613,4,2020-03-31
A2,1.16784606792992,4,2020-04-01
A2,1.16192118725371,4,2020-04-02
A2,1.15648862943814,4,2020-04-03
A2,1.15589656962203,4,2020-04-04
A2,1.1513898811138,4,2020-04-05
A2,1.15063710578439,4,2020-04-06
A2,1.14927141171539,4,2020-04-07
A2,1.11008928489799,4,2020-04-08
A2,1.10874716466646,4,2020-04-09
A2,1.11031827478807,4,2020-04-10
A2,1.08876937940901,4,2020-04-11
A2,1.08970514776905,4,2020-04-12
A2,1.12466484806589,4,2020-04-13
A2,1.1557307043914,4,2020-04-14
A2,1.21039835830588,4,2020-04-15
A2,1.23556314457022,4,2020-04-16
A2,1.24753946545842,4,2020-04-17
A2,1.26936938483972,4,2020-04-18
A2,1.28205710852026,4,2020-04-19
A2,1.34973475724789,4,2020-04-20
A2,1.36219427721825,4,2020-04-21
A2,1.3561595117968,4,2020-04-22
A2,1.37448982048757,4,2020-04-23
A2,1.43675307726868,4,2020-04-24
A2,1.48850631597073,4,2020-04-25
A2,1.52787741971582,4,2020-04-26
A2,1.60304591469443,4,2020-04-27
A2,1.67480852333079,4,2020-04-28
A2,1.70645517339501,4,2020-04-29
A2,1.75097577044389,4,2020-04-30
A2,1.86577684172541,4,2020-05-01
A2,1.90366144684035,4,2020-05-02
A2,1.90947945493907,4,2020-05-03
A2,1.93139234269404,4,2020-05-04
A2,1.89181974939462,4,2020-05-05
A2,1.83286773130808,4,2020-05-06
A2,1.75458227416771,4,2020-05-07
A2,1.65852040514137,4,2020-05-08
A2,1.57557709609845,4,2020-05-09
A2,1.5226013204334,4,2020-05-10
A2,1.47084675863454,4,2020-05-11
A2,1.42190264765536,4,2020-05-12
A2,1.35985050893454,4,2020-05-13
A2,1.29949041999808,4,2020-05-14
A2,1.27857064286775,4,2020-05-15
A2,1.24941728973424,4,2020-05-16
A2,1.20980708210751,4,2020-05-17
A2,1.19241121562852,4,2020-05-18
A2,1.16468036042912,4,2020-05-19
A2,1.18471599342233,4,2020-05-20
A2,1.17009512004367,4,2020-05-21
A2,1.14693481666912,4,2020-05-22
A2,1.1308154538104,4,2020-05-23
A2,1.10420952106682,4,2020-05-24
A2,1.0915309470847,4,2020-05-25
A2,1.07141939474792,4,2020-05-26
A2,1.0335571384094,4,2020-05-27
A2,1.03875288776025,4,2020-05-28
A2,1.02456969328776,4,2020-05-29
A2,1.01566315498892,4,2020-05-30
A2,1.0112922542271,4,2020-05-31
A2,1.0365035058625,4,2020-06-01
A2,1.02602658681803,4,2020-06-02
A2,1.01009590109806,4,2020-06-03
A2,0.994247058076115,3,2020-06-04
A2,0.995940990914051,3,2020-06-05
A2,0.988984697136305,3,2020-06-06
A2,0.981435502809926,3,2020-06-07
A2,0.938438220161739,3,2020-06-08
A2,0.942795751948619,3,2020-06-09
A2,0.957482752326013,3,2020-06-10
A2,0.955061784756378,3,2020-06-11
A2,0.948697266861807,3,2020-06-12
A2,0.954278494702323,3,2020-06-13
A2,0.959766995201434,3,2020-06-14
A2,0.954644796849061,3,2020-06-15
A2,0.965372827236743,3,2020-06-16
A2,0.952497066546498,3,2020-06-17
A2,0.961354029465014,3,2020-06-18
A2,0.954077680736957,3,2020-06-19
A2,0.952129701751751,3,2020-06-20
A2,0.942995302504916,3,2020-06-21
A2,0.923514209764716,3,2020-06-22
A2,0.919759575865446,3,2020-06-23
A2,0.922584735742765,3,2020-06-24
A2,0.913729383613824,3,2020-06-25
A2,0.90606227868141,3,2020-06-26
A2,0.889673783657882,2,2020-06-27
A2,0.897802745455608,2,2020-06-28
A2,0.880098105878532,2,2020-06-29
A2,0.891785154095911,2,2020-06-30
A2,0.921085360737382,3,2020-07-01
A2,0.910191677396343,3,2020-07-02
A2,0.90478527638346,3,2020-07-03
A2,0.911599893996686,3,2020-07-04
A2,0.917641947109867,3,2020-07-05
A2,0.941021182948579,3,2020-07-06
A2,0.927842457563076,3,2020-07-07
A2,0.893098957084169,2,2020-07-08
A2,0.908426769370881,3,2020-07-09
A2,0.926642506711535,3,2020-07-10
A2,0.925156235805981,3,2020-07-11
A2,0.926044501919623,3,2020-07-12
A2,0.920176756794016,3,2020-07-13
A2,0.926240594485716,3,2020-07-14
A2,0.934517990777923,3,2020-07-15
A2,0.924857948872313,3,2020-07-16
A2,0.925320525551483,3,2020-07-17
A2,0.942698553511106,3,2020-07-18
A2,0.94142589046347,3,2020-07-19
A2,0.95940608121424,3,2020-07-20
A2,0.960205334426481,3,2020-07-21
A2,0.964542509738894,3,2020-07-22
A2,0.995283587141131,3,2020-07-23
A2,0.982547165546425,3,2020-07-24
A2,0.973937056004131,3,2020-07-25
A2,0.970828219951934,3,2020-07-26
A2,0.964003533958074,3,2020-07-27
A2,0.9625557233302,3,2020-07-28
A2,0.960304510141613,3,2020-07-29
A2,0.958356939321545,3,2020-07-30
A2,0.966404051719174,3,2020-07-31
A2,0.989158727725836,3,2020-08-01
A2,1.00142828567609,4,2020-08-02
A2,0.999354337114243,3,2020-08-03
A2,1.01080808131876,4,2020-08-04
A2,1.01392818807349,4,2020-08-05
A2,1.0125995770003,4,2020-08-06
A2,1.00983230373427,4,2020-08-07
A2,0.981384618667742,3,2020-08-08
A2,0.964718607229754,3,2020-08-09
A2,0.97157313970499,3,2020-08-10
A2,0.971145217303559,3,2020-08-11
A2,0.97609109951232,3,2020-08-12
A2,0.966539489510077,3,2020-08-13
A2,0.969263625496006,3,2020-08-14
A2,0.971429357488929,3,2020-08-15
A2,0.979318517931621,3,2020-08-16
A2,0.983718518937471,3,2020-08-17
A2,1.00071850131868,4,2020-08-18
A2,1.01023900782973,4,2020-08-19
A2,1.0357235983243,4,2020-08-20
A2,1.03709306854509,4,2020-08-21
A2,1.03812597568994,4,2020-08-22
A2,1.04238278135438,4,2020-08-23
A2,1.04606238196709,4,2020-08-24
A2,1.04392090940321,4,2020-08-25
A2,1.05143003311907,4,2020-08-26
A2,1.04143985033997,4,2020-08-27
A2,1.05138247927074,4,2020-08-28
A2,1.05048029458316,4,2020-08-29
A2,1.04000144773217,4,2020-08-30
A2,1.03802634660262,4,2020-08-31
A2,1.04168929410262,4,2020-09-01
A2,1.03502722695559,4,2020-09-02
A2,1.03518114591184,4,2020-09-03
A2,1.03259785476854,4,2020-09-04
A2,1.02925787763906,4,2020-09-05
A2,1.02422318787633,4,2020-09-06
A2,1.01776436397722,4,2020-09-07
A2,0.998514552717363,3,2020-09-08
A2,0.98782445735297,3,2020-09-09
A2,0.975108570432437,3,2020-09-10
A2,0.961392607442634,3,2020-09-11
A2,0.960042334953952,3,2020-09-12
A2,0.963452312554244,3,2020-09-13
A2,0.948909301595376,3,2020-09-14
A2,0.947968565418273,3,2020-09-15
A2,0.939785256145408,3,2020-09-16
A2,0.945340821705173,3,2020-09-17
A2,0.92827386314442,3,2020-09-18
A2,0.940760414473275,3,2020-09-19
A2,0.978647598077735,3,2020-09-20
A2,1.01378422667703,4,2020-09-21
A2,1.02105048595758,4,2020-09-22
A2,1.04228004664151,4,2020-09-23
A2,1.05255078714366,4,2020-09-24
A2,1.09102235458866,4,2020-09-25
A2,1.08976347941289,4,2020-09-26
A2,1.05665549883671,4,2020-09-27
A2,1.04322240725526,4,2020-09-28
A2,1.02293672335458,4,2020-09-29
A2,0.998634614425112,3,2020-09-30
A2,1.00068614099215,4,2020-10-01
A2,0.988965419599477,3,2020-10-02
A2,0.989247165558062,3,2020-10-03
A2,0.987335420815283,3,2020-10-04
A2,0.966347025785758,3,2020-10-05
A2,0.986252143640225,3,2020-10-06
A2,0.995809563707733,3,2020-10-07
A2,0.992173904312358,3,2020-10-08
A2,0.989916436896746,3,2020-10-09
A2,1.00154997873104,4,2020-10-10
A2,1.00079222751433,4,2020-10-11
A2,0.973722622506321,3,2020-10-12
A2,0.994284936545159,3,2020-10-13
A2,1.01233420186415,4,2020-10-14
A2,1.01363001515451,4,2020-10-15
A2,1.00931273363082,4,2020-10-16
A2,0.996562972432891,3,2020-10-17
A2,1.00416371963436,4,2020-10-18
A2,1.04107923924588,4,2020-10-19
A2,1.01552299502894,4,2020-10-20
A2,0.992134492645881,3,2020-10-21
A2,0.974235971265006,3,2020-10-22
A2,0.971705097456829,3,2020-10-23
A2,0.971912482814183,3,2020-10-24
A2,0.97651346904565,3,2020-10-25
A2,0.975500119417152,3,2020-10-26
A2,0.988455361227527,3,2020-10-27
A2,1.00700862709307,4,2020-10-28
A2,1.00603046905539,4,2020-10-29
A2,1.00683448500439,4,2020-10-30
A2,1.00448544001171,4,2020-10-31
A2,1.01264383186487,4,2020-11-01
A2,1.02654840387232,4,2020-11-02
A2,1.01805703278967,4,2020-11-03
A2,1.00485837964211,4,2020-11-04
A2,1.01513197059839,4,2020-11-05
A2,1.0199643649718,4,2020-11-06
A2,1.02845658134589,4,2020-11-07
A2,1.02405644730541,4,2020-11-08
A2,1.01806447087095,4,2020-11-09
A2,1.02390343871095,4,2020-11-10
A2,1.02897830125299,4,2020-11-11
A2,1.02430236943431,4,2020-11-12
A2,1.01977284604108,4,2020-11-13
A2,1.01624753835988,4,2020-11-14
A2,1.01323927632467,4,2020-11-15
A2,1.00722582289622,4,2020-11-16
A2,0.998029000353596,3,2020-11-17
A2,1.00196277362415,4,2020-11-18
A2,1.01662194518516,4,2020-11-19
A2,1.03140394244445,4,2020-11-20
A2,1.02769588166706,4,2020-11-21
A2,1.02848601731855,4,2020-11-22
A2,1.04153997811047,4,2020-11-23
A2,1.04791415453127,4,2020-11-24
A2,1.04724033878378,4,2020-11-25
A2,1.04168439454308,4,2020-11-26
A2,1.03318262724982,4,2020-11-27
A2,1.03368574194041,4,2020-11-28
A2,1.02894830039192,4,2020-11-29
A2,1.03293982558977,4,2020-11-30
A2,1.05656584981148,4,2020-12-01
A2,1.08011141227524,4,2020-12-02
A2,1.09785296202732,4,2020-12-03
A2,1.11043519904216,4,2020-12-04
A2,1.11915379463752,4,2020-12-05
A2,1.11934953187386,4,2020-12-06
A2,1.12785496830898,4,2020-12-07
A2,1.09531603736053,4,2020-12-08
A2,1.09733693422093,4,2020-12-09
A2,1.10142029977158,4,2020-12-10
A2,1.10735527880847,4,2020-12-11
A2,1.11638689139972,4,2020-12-12
A2,1.12734445343292,4,2020-12-13
A2,1.13744679582934,4,2020-12-14
A2,1.16562415324769,4,2020-12-15
A2,1.15164444031138,4,2020-12-16
A2,1.1331863928809,4,2020-12-17
A2,1.12252618277926,4,2020-12-18
A2,1.11031682464131,4,2020-12-19
A2,1.10595423560476,4,2020-12-20
A2,1.11346531289003,4,2020-12-21
A2,1.11181332761766,4,2020-12-22
A2,1.11618592067171,4,2020-12-23
A2,1.1086358615027,4,2020-12-24
A2,1.08848593313419,4,2020-12-25
A2,1.11909956124692,4,2020-12-26
A2,1.1508261997178,4,2020-12-27
A2,1.20248408754626,4,2020-12-28
A2,1.22395380766665,4,2020-12-29
A2,1.2360640181522,4,2020-12-30
A2,1.22913478166031,4,2020-12-31
A2,1.23020633445009,4,2021-01-01
A2,1.2241479928711,4,2021-01-02
A2,1.21369825487633,4,2021-01-03
A2,1.23421707150131,4,2021-01-04
A2,1.24819920023261,4,2021-01-05
A2,1.25991824385862,4,2021-01-06
A2,1.28118918876409,4,2021-01-07
A2,1.29778617634174,4,2021-01-08
A2,1.25791111568528,4,2021-01-09
A2,1.19794518426791,4,2021-01-10
A2,1.13601743828075,4,2021-01-11
A2,1.096152970348,4,2021-01-12
A2,1.05689644385545,4,2021-01-13
A2,1.04334958049228,4,2021-01-14
A2,1.02752545510302,4,2021-01-15
A2,1.06276874087199,4,2021-01-16
B1,0.0232805418353392,4,2020-03-08
B1,0.0281113827459835,4,2020-03-09
B1,0.0359229552823446,4,2020-03-10
B1,0.0423983377795913,4,2020-03-11
B1,0.0594604567405905,4,2020-03-12
B1,0.0901414357156402,4,2020-03-13
B1,0.1176361153666479,4,2020-03-14
B1,0.1608053320149591,4,2020-03-15
B1,0.2606598414764694,4,2020-03-16
B1,0.3800432822788824,4,2020-03-17
B1,0.5233753599361918,4,2020-03-18
B1,0.6524718744844747,4,2020-03-19
B1,0.7596240372365328,4,2020-03-20
B1,0.8348104228990082,4,2020-03-21
B1,0.892574946128415,4,2020-03-22
B1,0.9438640868605752,4,2020-03-23
B1,0.9637527616735472,4,2020-03-24
B1,0.9655514790338936,4,2020-03-25
B1,0.984412315355239,4,2020-03-26
B1,0.9668362771484266,4,2020-03-27
B1,0.9560439729863488,4,2020-03-28
B1,0.9506992128298912,4,2020-03-29
B1,0.983435868788194,4,2020-03-30
B1,1.0204894464113277,3,2020-03-31
B1,1.0409948243192757,3,2020-04-01
B1,1.0709049244256053,3,2020-04-02
B1,1.147427500127195,3,2020-04-03
B1,1.1676759184122365,3,2020-04-04
B1,1.1618686309345467,3,2020-04-05
B1,1.2229736292617397,3,2020-04-06
B1,1.2851578580051402,3,2020-04-07
B1,1.374733982550386,3,2020-04-08
B1,1.4152308191204683,3,2020-04-09
B1,1.34770183022061,3,2020-04-10
B1,1.3701087093380668,3,2020-04-11
B1,1.3938003865700568,3,2020-04-12
B1,1.4072650708103631,3,2020-04-13
B1,1.4215006339193896,3,2020-04-14
B1,1.420575579276926,3,2020-04-15
B1,1.468575636835881,3,2020-04-16
B1,1.6166357715546724,3,2020-04-17
B1,1.6723960097254078,3,2020-04-18
B1,1.7272825851782605,3,2020-04-19
B1,2.0763879288591864,3,2020-04-20
B1,2.144276661231114,3,2020-04-21
B1,2.235086191966312,3,2020-04-22
B1,2.293416026366113,3,2020-04-23
B1,2.36089362334139,3,2020-04-24
B1,2.363154868022968,3,2020-04-25
B1,2.359300473679369,3,2020-04-26
B1,1.889012971835684,3,2020-04-27
B1,2.0131758616241595,3,2020-04-28
B1,2.120482200149961,3,2020-04-29
B1,2.339565974640141,3,2020-04-30
B1,2.3012789908270554,3,2020-05-01
B1,2.5086967984372746,3,2020-05-02
B1,2.663694842974544,3,2020-05-03
B1,3.2777255578721896,3,2020-05-04
B1,3.708441277788256,3,2020-05-05
B1,4.106985652916414,3,2020-05-06
B1,4.440005324203386,3,2020-05-07
B1,5.005419278447101,2,2020-05-08
B1,5.206618663182979,2,2020-05-09
B1,5.308220498080255,2,2020-05-10
B1,5.551201517500749,2,2020-05-11
B1,5.627672701277757,2,2020-05-12
B1,5.598687655813891,2,2020-05-13
B1,5.5504306386320295,2,2020-05-14
B1,5.440760271575487,2,2020-05-15
B1,5.39270882209195,2,2020-05-16
B1,5.348974294273244,2,2020-05-17
B1,5.185856325652125,2,2020-05-18
B1,5.05126087517364,2,2020-05-19
B1,5.135029712241197,2,2020-05-20
B1,4.7782155798730725,3,2020-05-21
B1,4.964357130706624,3,2020-05-22
B1,4.999046679799016,3,2020-05-23
B1,5.093453645254907,2,2020-05-24
B1,5.258730074708441,2,2020-05-25
B1,5.410541819921669,2,2020-05-26
B1,5.411878009960783,2,2020-05-27
B1,5.764323828739495,2,2020-05-28
B1,5.7007006261078175,2,2020-05-29
B1,5.682405100956866,2,2020-05-30
B1,5.662310858445569,2,2020-05-31
B1,5.679629937029475,2,2020-06-01
B1,5.741094678828737,2,2020-06-02
B1,5.82393846125383,2,2020-06-03
B1,5.940855089676339,2,2020-06-04
B1,6.042611100347358,2,2020-06-05
B1,6.063424829802794,2,2020-06-06
B1,6.05396871567983,2,2020-06-07
B1,6.04692802201219,2,2020-06-08
B1,6.038499746380853,2,2020-06-09
B1,6.09122786100129,2,2020-06-10
B1,6.11728356676402,2,2020-06-11
B1,6.079510502196748,2,2020-06-12
B1,6.089018008244293,2,2020-06-13
B1,6.0616775043670295,2,2020-06-14
B1,6.118311405255647,2,2020-06-15
B1,6.112144374305887,2,2020-06-16
B1,6.040812382987012,2,2020-06-17
B1,6.026474036028822,2,2020-06-18
B1,6.064966587540233,2,2020-06-19
B1,6.034491176263509,2,2020-06-20
B1,6.130285723683095,2,2020-06-21
B1,5.884529540335208,2,2020-06-22
B1,5.802508028703418,2,2020-06-23
B1,5.763552949870775,2,2020-06-24
B1,5.694944730554709,2,2020-06-25
B1,5.659175951046108,2,2020-06-26
B1,5.673771257627204,2,2020-06-27
B1,5.579158724472989,2,2020-06-28
B1,5.139706377378097,2,2020-06-29
B1,5.1632952707609245,2,2020-06-30
B1,5.152914101995497,2,2020-07-01
B1,5.154147508185449,2,2020-07-02
B1,5.1790211996828095,2,2020-07-03
B1,5.0808112318079015,2,2020-07-04
B1,5.0516206186457095,2,2020-07-05
B1,5.63162987947052,2,2020-07-06
B1,5.62777548512692,2,2020-07-07
B1,5.661334411878524,2,2020-07-08
B1,5.736520797540999,2,2020-07-09
B1,5.745565776267312,2,2020-07-10
B1,5.853540209812671,2,2020-07-11
B1,5.921994253354994,2,2020-07-12
B1,5.967578890458626,2,2020-07-13
B1,6.076992297892263,2,2020-07-14
B1,6.157112308314545,2,2020-07-15
B1,5.680041072426126,2,2020-07-16
B1,5.710053956381618,2,2020-07-17
B1,5.729839847345427,2,2020-07-18
B1,5.681068910917752,2,2020-07-19
B1,5.74042658380918,2,2020-07-20
B1,5.682610668655192,2,2020-07-21
B1,5.698028246029589,2,2020-07-22
B1,6.311339473983096,2,2020-07-23
B1,6.485712274087524,2,2020-07-24
B1,6.685369901085963,2,2020-07-25
B1,6.782397854695501,2,2020-07-26
B1,6.944179633277505,2,2020-07-27
B1,7.209464747966294,2,2020-07-28
B1,7.454450052445459,2,2020-07-29
B1,7.647889256569559,2,2020-07-30
B1,7.838810256389173,2,2020-07-31
B1,7.879358484883836,2,2020-08-01
B1,7.929568395199789,2,2020-08-02
B1,8.027418619602628,2,2020-08-03
B1,8.198502336533851,2,2020-08-04
B1,8.342399725361556,2,2020-08-05
B1,8.498168648767544,2,2020-08-06
B1,8.609740517033597,2,2020-08-07
B1,8.659796251575806,2,2020-08-08
B1,8.660258778897036,2,2020-08-09
B1,8.739864870073506,2,2020-08-10
B1,8.844293260822754,2,2020-08-11
B1,8.98901292044376,2,2020-08-12
B1,9.118674746162435,2,2020-08-13
B1,9.186512086609785,2,2020-08-14
B1,9.089227173377338,2,2020-08-15
B1,9.043128617027891,2,2020-08-16
B1,9.192524941785798,2,2020-08-17
B1,9.252396533923038,2,2020-08-18
B1,9.27464923726675,2,2020-08-19
B1,9.308105380169192,2,2020-08-20
B1,9.397321761242369,2,2020-08-21
B1,9.51192575305872,2,2020-08-22
B1,9.583360528226756,2,2020-08-23
B1,9.672679693149096,2,2020-08-24
B1,9.707215066467748,2,2020-08-25
B1,9.87603753871739,2,2020-08-26
B1,9.988174718153838,2,2020-08-27
B1,10.17714282483936,1,2020-08-28
B1,10.270008032557811,1,2020-08-29
B1,10.34262482199122,1,2020-08-30
B1,10.432149554611886,1,2020-08-31
B1,10.547524425296956,1,2020-09-01
B1,10.610890668305728,1,2020-09-02
B1,10.750625311242343,1,2020-09-03
B1,10.855464837388242,1,2020-09-04
B1,10.85037703685469,1,2020-09-05
B1,10.774728123870984,1,2020-09-06
B1,10.874993768729144,1,2020-09-07
B1,11.034000383383756,1,2020-09-08
B1,11.099936222621594,1,2020-09-09
B1,11.087859120344984,1,2020-09-10
B1,11.03528518149829,1,2020-09-11
B1,11.091919082386909,1,2020-09-12
B1,11.10363644119145,1,2020-09-13
B1,11.141101154211237,1,2020-09-14
B1,11.163559425253272,1,2020-09-15
B1,11.039036791992729,1,2020-09-16
B1,10.471824120388668,1,2020-09-17
B1,9.112661890986422,2,2020-09-18
B1,8.559941742114296,2,2020-09-19
B1,8.497860297220058,2,2020-09-20
B1,8.601106673703935,2,2020-09-21
B1,8.70779630913476,2,2020-09-22
B1,8.967736663667091,2,2020-09-23
B1,9.918076133024911,2,2020-09-24
B1,11.412347732151456,1,2020-09-25
B1,12.06990740716948,1,2020-09-26
B1,12.172177337086314,1,2020-09-27
B1,12.24114529987445,1,2020-09-28
B1,12.215603513357532,1,2020-09-29
B1,12.01353046590377,1,2020-09-30
B1,11.663345891806635,1,2020-10-01
B1,11.50105019397882,1,2020-10-02
B1,11.374626059508763,1,2020-10-03
B1,11.30529835324856,1,2020-10-04
B1,11.072749894518074,1,2020-10-05
B1,11.05198755698722,1,2020-10-06
B1,11.1645872637449,1,2020-10-07
B1,11.170548726996332,1,2020-10-08
B1,11.22831325022574,1,2020-10-09
B1,11.242086286013532,1,2020-10-10
B1,11.314394723899454,1,2020-10-11
B1,10.186393371264,1,2020-10-12
B1,10.13361386471898,1,2020-10-13
B1,10.146667413562636,1,2020-10-14
B1,10.190144981758436,1,2020-10-15
B1,10.174162093213646,1,2020-10-16
B1,10.141939356501156,1,2020-10-17
B1,10.054830044335812,1,2020-10-18
B1,11.2889557212317,1,2020-10-19
B1,11.285204110737263,1,2020-10-20
B1,11.257349687614186,1,2020-10-21
B1,11.306942894835162,1,2020-10-22
B1,11.362600349156736,1,2020-10-23
B1,11.33520845335489,1,2020-10-24
B1,11.356227750508651,1,2020-10-25
B1,11.402583266481004,1,2020-10-26
B1,11.415482639550916,1,2020-10-27
B1,11.436450544780095,1,2020-10-28
B1,11.481726830336244,1,2020-10-29
B1,11.553726916674677,1,2020-10-30
B1,11.483474155772008,1,2020-10-31
B1,11.455362773026025,1,2020-11-01
B1,11.532296484124265,1,2020-11-02
B1,11.661649958295452,1,2020-11-03
B1,11.719311697675698,1,2020-11-04
B1,11.734986234673,1,2020-11-05
B1,11.733752828483048,1,2020-11-06
B1,11.95211711602909,1,2020-11-07
B1,12.046164338012913,1,2020-11-08
B1,12.031620423356395,1,2020-11-09
B1,12.017487644096532,1,2020-11-10
B1,11.971851615068315,1,2020-11-11
B1,11.931663130045724,1,2020-11-12
B1,11.829598767827216,1,2020-11-13
B1,11.852776525813391,1,2020-11-14
B1,11.827543090843964,1,2020-11-15
B1,11.86865663050902,1,2020-11-16
B1,11.851337551925116,1,2020-11-17
B1,11.82353452072662,1,2020-11-18
B1,11.878421096179473,1,2020-11-19
B1,11.95175737255702,1,2020-11-20
B1,11.9556631588252,1,2020-11-21
B1,11.971286303897925,1,2020-11-22
B1,11.99605721154612,1,2020-11-23
B1,11.972468318163294,1,2020-11-24
B1,12.02201013345969,1,2020-11-25
B1,12.029153610976492,1,2020-11-26
B1,12.04734635227828,1,2020-11-27
B1,12.046832433032469,1,2020-11-28
B1,12.0217017819122,1,2020-11-29
B1,12.016305629831162,1,2020-11-30
B1,12.10125648116409,1,2020-12-01
B1,12.171406458217596,1,2020-12-02
B1,12.260057528120376,1,2020-12-03
B1,12.381342470132298,1,2020-12-04
B1,12.441162670344958,1,2020-12-05
B1,12.482276210010015,1,2020-12-06
B1,12.608905912178397,1,2020-12-07
B1,11.45639061151765,1,2020-12-08
B1,11.782986292231955,1,2020-12-09
B1,11.978121429867238,1,2020-12-10
B1,12.149359322572208,1,2020-12-11
B1,12.297265281517252,1,2020-12-12
B1,12.460177682440047,1,2020-12-13
B1,12.76452065981064,1,2020-12-14
B1,14.25781581237014,1,2020-12-15
B1,14.293790159577066,1,2020-12-16
B1,14.422064403332048,1,2020-12-17
B1,14.516368584938776,1,2020-12-18
B1,14.619306609875164,1,2020-12-19
B1,14.657953337160318,1,2020-12-20
B1,14.815520977926656,1,2020-12-21
B1,14.97889590617068,1,2020-12-22
B1,15.08923436824678,1,2020-12-23
B1,14.049061814720806,1,2020-12-24
B1,12.127466362700565,1,2020-12-25
B1,11.95602290229727,1,2020-12-26
B1,12.019234969532295,1,2020-12-27
B1,12.11482394925356,1,2020-12-28
B1,12.21894398845532,1,2020-12-29
B1,12.32779208471856,1,2020-12-30
B1,12.50607067109117,1,2020-12-31
B1,12.515321217515806,1,2021-01-01
B1,12.614713199656086,1,2021-01-02
B1,12.83055928289764,1,2021-01-03
B1,13.255056579939367,1,2021-01-04
B1,13.60287712550576,1,2021-01-05
B1,14.178877816213229,1,2021-01-06
B1,15.93812617848107,1,2021-01-07
B1,18.330009132345,1,2021-01-08
B1,18.626643321028396,1,2021-01-09
B1,18.454531765605545,1,2021-01-10
B1,18.35647597350438,1,2021-01-11
B1,17.348423372841733,1,2021-01-12
B2,0.0567279832092918,3,2020-03-08
B2,0.0588551663709577,3,2020-03-09
B2,0.0615599194797746,3,2020-03-10
B2,0.0646080804226724,3,2020-03-11
B2,0.0654857041994558,3,2020-03-12
B2,0.0711363636683659,3,2020-03-13
B2,0.0805165981742286,3,2020-03-14
B2,0.0910195330892575,3,2020-03-15
B2,0.0938468417689217,3,2020-03-16
B2,0.091347018231719,3,2020-03-17
B2,0.0866384152269168,3,2020-03-18
B2,0.0850538345643859,3,2020-03-19
B2,0.0844143385262051,3,2020-03-20
B2,0.0799171882625219,3,2020-03-21
B2,0.0781420952443836,3,2020-03-22
B2,0.075790913023907,3,2020-03-23
B2,0.0792626235517569,3,2020-03-24
B2,0.0832276099921709,3,2020-03-25
B2,0.0912513361858725,3,2020-03-26
B2,0.0984743985110505,3,2020-03-27
B2,0.1063794145836238,4,2020-03-28
B2,0.1139513648485942,4,2020-03-29
B2,0.1192408121730153,4,2020-03-30
B2,0.1200706822266917,4,2020-03-31
B2,0.1199896337340361,4,2020-04-01
B2,0.1152119566155083,4,2020-04-02
B2,0.1102979358884923,4,2020-04-03
B2,0.10257758970483,4,2020-04-04
B2,0.0973004047301119,3,2020-04-05
B2,0.0957867898387695,3,2020-04-06
B2,0.095910128034474,3,2020-04-07
B2,0.0953856849754925,3,2020-04-08
B2,0.0963592121669306,3,2020-04-09
B2,0.0974158145135412,3,2020-04-10
B2,0.1005280849118594,4,2020-04-11
B2,0.0981008186951126,3,2020-04-12
B2,0.1008297469618431,4,2020-04-13
B2,0.1006696756992403,4,2020-04-14
B2,0.1028800920101084,4,2020-04-15
B2,0.1048895957488973,4,2020-04-16
B2,0.1056049090528716,4,2020-04-17
B2,0.1023993291365898,4,2020-04-18
B2,0.1057498519971562,4,2020-04-19
B2,0.1088358438872838,4,2020-04-20
B2,0.1102300425679765,4,2020-04-21
B2,0.1118644117223488,4,2020-04-22
B2,0.1118251363629329,4,2020-04-23
B2,0.113723751791932,4,2020-04-24
B2,0.1192637730124199,4,2020-04-25
B2,0.1241324810221589,4,2020-04-26
B2,0.1246599153922627,4,2020-04-27
B2,0.1324951585720728,4,2020-04-28
B2,0.141691192785671,4,2020-04-29
B2,0.1517924235912171,4,2020-04-30
B2,0.1598568019297362,4,2020-05-01
B2,0.167122218672638,4,2020-05-02
B2,0.177901125294772,4,2020-05-03
B2,0.1857335861570863,4,2020-05-04
B2,0.1936425832616604,4,2020-05-05
B2,0.1976980106631389,4,2020-05-06
B2,0.2018358014549059,4,2020-05-07
B2,0.2084849832514076,4,2020-05-08
B2,0.21535281690424,4,2020-05-09
B2,0.2245146988615341,4,2020-05-10
B2,0.2357963722623315,4,2020-05-11
B2,0.2442306562475718,4,2020-05-12
B2,0.252454279658381,4,2020-05-13
B2,0.2631846043776032,4,2020-05-14
B2,0.270183681034334,4,2020-05-15
B2,0.2818140850339508,4,2020-05-16
B2,0.2907695038291974,4,2020-05-17
B2,0.2986503416721313,4,2020-05-18
B2,0.307845977944695,4,2020-05-19
B2,0.3170181888912885,4,2020-05-20
B2,0.3297713403340069,4,2020-05-21
B2,0.3421322852679849,4,2020-05-22
B2,0.348670310542355,4,2020-05-23
B2,0.3548059303519762,4,2020-05-24
B2,0.3603185797052146,4,2020-05-25
B2,0.3619590156958584,4,2020-05-26
B2,0.3635284616866294,4,2020-05-27
B2,0.3593085222761177,4,2020-05-28
B2,0.3565288109741121,4,2020-05-29
B2,0.3567091102798558,4,2020-05-30
B2,0.3526408038090703,4,2020-05-31
B2,0.350723436256977,4,2020-06-01
B2,0.347903583084249,4,2020-06-02
B2,0.3427983530312153,4,2020-06-03
B2,0.3434986580365185,4,2020-06-04
B2,0.3399907434026835,4,2020-06-05
B2,0.33751007539272,4,2020-06-06
B2,0.335409938935778,4,2020-06-07
B2,0.3311116236296136,4,2020-06-08
B2,0.3253897878380361,4,2020-06-09
B2,0.3247732669535414,4,2020-06-10
B2,0.3172239385804144,4,2020-06-11
B2,0.3130401835426951,4,2020-06-12
B2,0.3067271570561147,4,2020-06-13
B2,0.3040645855742294,4,2020-06-14
B2,0.3014484292800959,4,2020-06-15
B2,0.3018182773983772,4,2020-06-16
B2,0.2993326881408684,4,2020-06-17
B2,0.2962126387451876,4,2020-06-18
B2,0.2919054930719422,4,2020-06-19
B2,0.2889238064609444,4,2020-06-20
B2,0.2812731472192951,4,2020-06-21
B2,0.2777405075924033,4,2020-06-22
B2,0.2726933484388932,4,2020-06-23
B2,0.267001126532965,4,2020-06-24
B2,0.2629038765049968,4,2020-06-25
B2,0.2588940608034885,4,2020-06-26
B2,0.2535384570416145,4,2020-06-27
B2,0.252486412851726,4,2020-06-28
B2,0.2490050207958603,4,2020-06-29
B2,0.2456246528217501,4,2020-06-30
B2,0.2418091170356011,4,2020-07-01
B2,0.2373076643464025,4,2020-07-02
B2,0.2333027230316642,4,2020-07-03
B2,0.2241059322417462,4,2020-07-04
B2,0.2157725488050071,4,2020-07-05
B2,0.2079417896236811,4,2020-07-06
B2,0.1995300564577052,4,2020-07-07
B2,0.1915147974153439,4,2020-07-08
B2,0.1856128007417126,4,2020-07-09
B2,0.1776058382934362,4,2020-07-10
B2,0.172731832759589,4,2020-07-11
B2,0.1640843952527795,4,2020-07-12
B2,0.1583900502058632,4,2020-07-13
B2,0.1527370091341666,4,2020-07-14
B2,0.1486661315565414,4,2020-07-15
B2,0.1463528356383971,4,2020-07-16
B2,0.1445116681106624,4,2020-07-17
B2,0.1420892014482245,4,2020-07-18
B2,0.1427823276493386,4,2020-07-19
B2,0.1395909237598271,4,2020-07-20
B2,0.1387400303879898,4,2020-07-21
B2,0.1369801642460595,4,2020-07-22
B2,0.1317765021495325,4,2020-07-23
B2,0.1278145660854852,4,2020-07-24
B2,0.1238671569404931,4,2020-07-25
B2,0.117894832079709,4,2020-07-26
B2,0.1140164236596785,4,2020-07-27
B2,0.1078363322386872,4,2020-07-28
B2,0.1034611767117044,4,2020-07-29
B2,0.099442158777812,3,2020-07-30
B2,0.096376103581239,3,2020-07-31
B2,0.093645720470414,3,2020-08-01
B2,0.0908090922099934,3,2020-08-02
B2,0.0891858455401665,3,2020-08-03
B2,0.089673187281567,3,2020-08-04
B2,0.089156465207139,3,2020-08-05
B2,0.0878150834487046,3,2020-08-06
B2,0.086598647448916,3,2020-08-07
B2,0.0861192327935322,3,2020-08-08
B2,0.0847755983672238,3,2020-08-09
B2,0.0829405308482365,3,2020-08-10
B2,0.0807652213982585,3,2020-08-11
B2,0.0781349262837703,3,2020-08-12
B2,0.0757772028495643,3,2020-08-13
B2,0.0743657492255978,3,2020-08-14
B2,0.0725933052743321,3,2020-08-15
B2,0.0714281830072266,3,2020-08-16
B2,0.070430884289425,3,2020-08-17
B2,0.0698334256866441,3,2020-08-18
B2,0.0696904765221531,3,2020-08-19
B2,0.0704065898060492,3,2020-08-20
B2,0.0704400039854069,3,2020-08-21
B2,0.0699091079227167,3,2020-08-22
B2,0.0702656412723543,3,2020-08-23
B2,0.069781047429744,3,2020-08-24
B2,0.0686950830681359,3,2020-08-25
B2,0.0685010201131982,3,2020-08-26
B2,0.0675670786278264,3,2020-08-27
B2,0.0669322914509834,3,2020-08-28
B2,0.0671048590410054,3,2020-08-29
B2,0.0661383418682939,3,2020-08-30
B2,0.0651570462980147,3,2020-08-31
B2,0.0651390808704988,3,2020-09-01
B2,0.0647967236936134,3,2020-09-02
B2,0.0648875409097362,3,2020-09-03
B2,0.0649773825680846,3,2020-09-04
B2,0.0647427457347924,3,2020-09-05
B2,0.06503986589988,3,2020-09-06
B2,0.0644010073943345,3,2020-09-07
B2,0.0638850005429284,3,2020-09-08
B2,0.062624033505751,3,2020-09-09
B2,0.062462540139256,3,2020-09-10
B2,0.0625668894561109,3,2020-09-11
B2,0.0617059793088607,3,2020-09-12
B2,0.0616069059252441,3,2020-09-13
B2,0.0613385613220827,3,2020-09-14
B2,0.0608168742889745,3,2020-09-15
B2,0.0611640869631476,3,2020-09-16
B2,0.062312709246275,3,2020-09-17
B2,0.0656863935779307,3,2020-09-18
B2,0.0694842768922721,3,2020-09-19
B2,0.0709653897925027,3,2020-09-20
B2,0.0719793885541475,3,2020-09-21
B2,0.071993467477128,3,2020-09-22
B2,0.0724686808231855,3,2020-09-23
B2,0.0706895627612835,3,2020-09-24
B2,0.0665999217765358,3,2020-09-25
B2,0.0622417077584664,3,2020-09-26
B2,0.0604984290042888,3,2020-09-27
B2,0.0593434955920463,3,2020-09-28
B2,0.0585487852015889,3,2020-09-29
B2,0.0575554498163233,3,2020-09-30
B2,0.0565959834513699,3,2020-10-01
B2,0.0564472023518971,3,2020-10-02
B2,0.0563275482835885,3,2020-10-03
B2,0.0548359361740379,3,2020-10-04
B2,0.0544242701113942,3,2020-10-05
B2,0.0542662609210061,3,2020-10-06
B2,0.0540828567386522,3,2020-10-07
B2,0.05421199869725,3,2020-10-08
B2,0.0530153646561822,3,2020-10-09
B2,0.052837166330864,3,2020-10-10
B2,0.0531399782625157,3,2020-10-11
B2,0.056221048245048,3,2020-10-12
B2,0.0573945941518634,3,2020-10-13
B2,0.0574476277819991,3,2020-10-14
B2,0.0576491405233093,3,2020-10-15
B2,0.0578044039378771,3,2020-10-16
B2,0.057794755619517,3,2020-10-17
B2,0.0588237833736206,3,2020-10-18
B2,0.0552903453749141,3,2020-10-19
B2,0.0536441861243128,3,2020-10-20
B2,0.0531518992493293,3,2020-10-21
B2,0.0518124113744971,3,2020-10-22
B2,0.0511143250736016,3,2020-10-23
B2,0.0506194999654074,3,2020-10-24
B2,0.0474458778437598,2,2020-10-25
B2,0.046901064215825,2,2020-10-26
B2,0.0463792780423701,2,2020-10-27
B2,0.0464051948673838,2,2020-10-28
B2,0.0463409091656374,2,2020-10-29
B2,0.0460569873557687,2,2020-10-30
B2,0.045737678609554,2,2020-10-31
B2,0.0476746239557655,2,2020-11-01
B2,0.0476590296826173,2,2020-11-02
B2,0.0475808781267311,2,2020-11-03
B2,0.0465283784909641,2,2020-11-04
B2,0.0469340771950383,2,2020-11-05
B2,0.0465724917474847,2,2020-11-06
B2,0.0460278700086084,2,2020-11-07
B2,0.043839580491087,2,2020-11-08
B2,0.0437333509789919,2,2020-11-09
B2,0.0440857397571085,2,2020-11-10
B2,0.0445412947361617,2,2020-11-11
B2,0.0444102804688085,2,2020-11-12
B2,0.0447855766157082,2,2020-11-13
B2,0.0445611244329461,2,2020-11-14
B2,0.0449044771646501,2,2020-11-15
B2,0.0446491859729253,2,2020-11-16
B2,0.0436678783655775,2,2020-11-17
B2,0.0432408556369889,2,2020-11-18
B2,0.0428517379616329,2,2020-11-19
B2,0.0434443048669119,2,2020-11-20
B2,0.0433929743632862,2,2020-11-21
B2,0.0443608231448567,2,2020-11-22
B2,0.0442908146935139,2,2020-11-23
B2,0.0448006278732005,2,2020-11-24
B2,0.0454512949363453,2,2020-11-25
B2,0.045683060643631,2,2020-11-26
B2,0.0450350590355945,2,2020-11-27
B2,0.0450938796383207,2,2020-11-28
B2,0.0446856087260717,2,2020-11-29
B2,0.0447372646252956,2,2020-11-30
B2,0.0450022979918664,2,2020-12-01
B2,0.0450428165847996,2,2020-12-02
B2,0.0457785782393058,2,2020-12-03
B2,0.0469800630950868,2,2020-12-04
B2,0.0477676094366175,2,2020-12-05
B2,0.0488047926719291,2,2020-12-06
B2,0.0493605832728661,2,2020-12-07
B2,0.051743298154439,3,2020-12-08
B2,0.0523771455640849,3,2020-12-09
B2,0.0522391277359545,3,2020-12-10
B2,0.0526934242449667,3,2020-12-11
B2,0.0524114955307385,3,2020-12-12
B2,0.0526463463129069,3,2020-12-13
B2,0.0529907717937562,3,2020-12-14
B2,0.0518959419152279,3,2020-12-15
B2,0.0520965638579137,3,2020-12-16
B2,0.0524653896731977,3,2020-12-17
B2,0.0519995699300364,3,2020-12-18
B2,0.0529321208757339,3,2020-12-19
B2,0.0532699424168752,3,2020-12-20
B2,0.0536338297285158,3,2020-12-21
B2,0.0539484996796913,3,2020-12-22
B2,0.0548081431376116,3,2020-12-23
B2,0.0584910354206922,3,2020-12-24
B2,0.0688627956462802,3,2020-12-25
B2,0.0723206572585084,3,2020-12-26
B2,0.0756704527987487,3,2020-12-27
B2,0.0785138134844888,3,2020-12-28
B2,0.0812616202931797,3,2020-12-29
B2,0.0838176010215347,3,2020-12-30
B2,0.0856147301399456,3,2020-12-31
B2,0.0883496636549259,3,2021-01-01
B2,0.0890723535565569,3,2021-01-02
B2,0.0887384832459516,3,2021-01-03
B2,0.0897769343880666,3,2021-01-04
B2,0.0906526714346955,3,2021-01-05
B2,0.0913747024155254,3,2021-01-06
B2,0.0894643407678053,3,2021-01-07
B2,0.0800419668706402,3,2021-01-08
B2,0.0800391452198862,3,2021-01-09
B2,0.0829717380444368,3,2021-01-10
B2,0.0821540359096564,3,2021-01-11
B2,0.0810584886271095,3,2021-01-12
B2,0.0797021129526101,3,2021-01-13
B2,0.0783644842316565,3,2021-01-14
B2,0.0771559687004659,3,2021-01-15
C2,0.0201402366636748,4,2020-03-08
C2,0.0201402366636748,4,2020-03-15
C2,0.0347441622677611,4,2020-03-22
C2,0.0725884641959597,4,2020-03-29
C2,0.140281223503441,4,2020-04-05
C2,0.202582347034992,3,2020-04-12
C2,0.249147365286143,3,2020-04-19
C2,0.204731206517263,3,2020-04-26
C2,0.177048626643348,4,2020-05-03
C2,0.125330504897817,4,2020-05-10
C2,0.0752933764722891,4,2020-05-17
C2,0.0882924643931198,4,2020-05-24
C2,0.0979146722583043,4,2020-05-31
C2,0.12568317631384,4,2020-06-07
C2,0.16781728395472,4,2020-06-14
C2,0.205443094947554,3,2020-06-21
C2,0.249935630182102,3,2020-06-28
C2,0.253153315410724,3,2020-07-05
C2,0.305321502269092,3,2020-07-12
C2,0.290501602951666,3,2020-07-19
C2,0.308709347291045,3,2020-07-26
C2,0.316188431180295,3,2020-08-02
C2,0.34578910896544,3,2020-08-09
C2,0.360083668913853,3,2020-08-16
C2,0.324701310340329,3,2020-08-23
C2,0.270294334418036,3,2020-08-30
C2,0.212935163123653,3,2020-09-06
C2,0.159404831351659,4,2020-09-13
C3,0.0627551020408163,4,2020-03-14
C3,0.107867883995704,4,2020-03-15
C3,0.120854896982717,4,2020-03-16
C3,0.128647104774924,4,2020-03-17
C3,0.146139816145187,4,2020-03-18
C3,0.154949339954711,4,2020-03-19
C3,0.133827227743489,4,2020-03-20
C3,0.163532443162991,4,2020-03-21
C3,0.155286020655108,4,2020-03-22
C3,0.163078228447316,4,2020-03-23
C3,0.177045717911494,4,2020-03-24
C3,0.190165251439191,4,2020-03-25
C3,0.194367213631103,4,2020-03-26
C3,0.20367441119722,4,2020-03-27
C3,0.204541889971676,4,2020-03-28
C3,0.213201433193431,4,2020-03-29
C3,0.234282677530489,4,2020-03-30
C3,0.254851022602146,4,2020-03-31
C3,0.272322401397566,4,2020-04-01
C3,0.291486688931351,4,2020-04-02
C3,0.314185957317951,4,2020-04-03
C3,0.321176114351442,4,2020-04-04
C3,0.353169591527643,4,2020-04-05
C3,0.370445339035949,4,2020-04-06
C3,0.386189305999428,4,2020-04-07
C3,0.40151676102325,3,2020-04-08
C3,0.410521745505522,3,2020-04-09
C3,0.434036823178382,3,2020-04-10
C3,0.461621198724856,3,2020-04-11
C3,0.447785123527055,3,2020-04-12
C3,0.461376183629743,3,2020-04-13
C3,0.492451461159926,3,2020-04-14
C3,0.505799444276414,3,2020-04-15
C3,0.519392616032851,3,2020-04-16
C3,0.535479615750087,3,2020-04-17
C3,0.535910620268682,3,2020-04-18
C3,0.538161381555588,3,2020-04-19
C3,0.54862226213842,3,2020-04-20
C3,0.539426274018013,3,2020-04-21
C3,0.539507039024152,3,2020-04-22
C3,0.531226030743143,3,2020-04-23
C3,0.523963042834994,3,2020-04-24
C3,0.510437093129269,3,2020-04-25
C3,0.518958233006341,3,2020-04-26
C3,0.509369732323245,3,2020-04-27
C3,0.502275576479089,3,2020-04-28
C3,0.490524507035712,3,2020-04-29
C3,0.47450555082984,3,2020-04-30
C3,0.44199953441881,3,2020-05-01
C3,0.433527184804807,3,2020-05-02
C3,0.422130506369377,3,2020-05-03
C3,0.360669441030401,4,2020-05-04
C3,0.322159860159011,4,2020-05-05
C3,0.293666170383882,4,2020-05-06
C3,0.272566694503728,4,2020-05-07
C3,0.246821461600797,4,2020-05-08
C3,0.220876670394965,4,2020-05-09
C3,0.181243855716787,4,2020-05-10
C3,0.18713140632871,4,2020-05-11
C3,0.175426907331841,4,2020-05-12
C3,0.156435089541259,4,2020-05-13
C3,0.146302030345943,4,2020-05-14
C3,0.139498598684526,4,2020-05-15
C3,0.13879080727778,4,2020-05-16
C3,0.142489868540467,4,2020-05-17
C3,0.147945113465227,4,2020-05-18
C3,0.156889153402619,4,2020-05-19
C3,0.166051750097407,4,2020-05-20
C3,0.176722493710582,4,2020-05-21
C3,0.187825652775988,4,2020-05-22
C3,0.192348306389531,4,2020-05-23
C3,0.202309110799296,4,2020-05-24
C3,0.204456260424397,4,2020-05-25
C3,0.197759703955068,4,2020-05-26
C3,0.1995529361291,4,2020-05-27
C3,0.203626585641315,4,2020-05-28
C3,0.202027667108291,4,2020-05-29
C3,0.204785396007773,4,2020-05-30
C3,0.203640733757879,4,2020-05-31
C3,0.211530724095588,4,2020-06-01
C3,0.223505673462156,4,2020-06-02
C3,0.232087620794887,4,2020-06-03
C3,0.23444014332258,4,2020-06-04
C3,0.253060773969244,4,2020-06-05
C3,0.266006364963616,4,2020-06-06
C3,0.276128194388139,4,2020-06-07
C3,0.293631993866607,4,2020-06-08
C3,0.307043306323268,4,2020-06-09
C3,0.320833957309613,4,2020-06-10
C3,0.337887822370335,4,2020-06-11
C3,0.349397952784525,4,2020-06-12
C3,0.368543513106556,4,2020-06-13
C3,0.385109040464489,4,2020-06-14
C3,0.390118526895131,4,2020-06-15
C3,0.392140694426676,4,2020-06-16
C3,0.400104370421043,3,2020-06-17
C3,0.408321683305183,3,2020-06-18
C3,0.408630639412195,3,2020-06-19
C3,0.408674293237361,3,2020-06-20
C3,0.421961865560652,3,2020-06-21
C3,0.441095598069028,3,2020-06-22
C3,0.461945377172114,3,2020-06-23
C3,0.474417388585605,3,2020-06-24
C3,0.486718890359056,3,2020-06-25
C3,0.495933220247494,3,2020-06-26
C3,0.499901191565868,3,2020-06-27
C3,0.496811346499739,3,2020-06-28
C3,0.504935848584773,3,2020-06-29
C3,0.509785498438865,3,2020-06-30
C3,0.517740558312965,3,2020-07-01
C3,0.525213856370951,3,2020-07-02
C3,0.526772400801557,3,2020-07-03
C3,0.540754767513131,3,2020-07-04
C3,0.551131279127366,3,2020-07-05
C3,0.548049891967887,3,2020-07-06
C3,0.547973565121064,3,2020-07-07
C3,0.544460837711497,3,2020-07-08
C3,0.541393087510295,3,2020-07-09
C3,0.552320868048535,3,2020-07-10
C3,0.541573929737005,3,2020-07-11
C3,0.54354855058872,3,2020-07-12
C3,0.542500882785465,3,2020-07-13
C3,0.548491416581361,3,2020-07-14
C3,0.542346622688574,3,2020-07-15
C3,0.551122121534793,3,2020-07-16
C3,0.545659795855969,3,2020-07-17
C3,0.551936525031213,3,2020-07-18
C3,0.55287979374335,3,2020-07-19
C3,0.547171404005751,3,2020-07-20
C3,0.542712153164942,3,2020-07-21
C3,0.546244828592683,3,2020-07-22
C3,0.532454643099157,3,2020-07-23
C3,0.527628030475094,3,2020-07-24
C3,0.511913728779519,3,2020-07-25
C3,0.506211445908626,3,2020-07-26
C3,0.505023478362173,3,2020-07-27
C3,0.494262710801404,3,2020-07-28
C3,0.487596021716907,3,2020-07-29
C3,0.49154428820465,3,2020-07-30
C3,0.486716574497521,3,2020-07-31
C3,0.490098411208589,3,2020-08-01
C3,0.483321253550792,3,2020-08-02
C3,0.481829885941349,3,2020-08-03
C3,0.47862056084306,3,2020-08-04
C3,0.474125775231077,3,2020-08-05
C3,0.465517325328267,3,2020-08-06
C3,0.467716609673826,3,2020-08-07
C3,0.463533813082046,3,2020-08-08
C3,0.463077863982546,3,2020-08-09
C3,0.474919730695855,3,2020-08-10
C3,0.488825127304748,3,2020-08-11
C3,0.494380989271482,3,2020-08-12
C3,0.507443670618283,3,2020-08-13
C3,0.51071053802644,3,2020-08-14
C3,0.522028984034393,3,2020-08-15
C3,0.528718841980683,3,2020-08-16
C3,0.524050140404988,3,2020-08-17
C3,0.528166843042893,3,2020-08-18
C3,0.538409598679141,3,2020-08-19
C3,0.536490213405081,3,2020-08-20
C3,0.55330804176869,3,2020-08-21
C3,0.556114487540915,3,2020-08-22
C3,0.570903989657829,3,2020-08-23
C3,0.581000552577667,3,2020-08-24
C3,0.582108805841953,3,2020-08-25
C3,0.591537064753691,3,2020-08-26
C3,0.594794974775046,3,2020-08-27
C3,0.585207996365551,3,2020-08-28
C3,0.582481897692796,3,2020-08-29
C3,0.573334767299301,3,2020-08-30
C3,0.575069390889941,3,2020-08-31
C3,0.568856550268015,3,2020-09-01
C3,0.560935957443383,3,2020-09-02
C3,0.556996980001145,3,2020-09-03
C3,0.555168731688209,3,2020-09-04
C3,0.54775420091527,3,2020-09-05
C3,0.545744663549656,3,2020-09-06
C3,0.525914071903144,3,2020-09-07
C3,0.518843068519847,3,2020-09-08
C3,0.510873838586685,3,2020-09-09
C3,0.509840374659757,3,2020-09-10
C3,0.499917626513248,3,2020-09-11
C3,0.511721573552187,3,2020-09-12
C3,0.510518396287462,3,2020-09-13
C3,0.518877585204849,3,2020-09-14
C3,0.514868666536563,3,2020-09-15
C3,0.514476953271021,3,2020-09-16
C3,0.504588365370643,3,2020-09-17
C3,0.519109255448154,3,2020-09-18
C3,0.530576512051964,3,2020-09-19
C3,0.542091378345183,3,2020-09-20
C3,0.542192610123283,3,2020-09-21
C3,0.550555257408901,3,2020-09-22
C3,0.551147466345966,3,2020-09-23
C3,0.55256337641346,3,2020-09-24
C3,0.530459057483356,3,2020-09-25
C3,0.510052672976454,3,2020-09-26
C3,0.496944634243429,3,2020-09-27
C3,0.492234070031072,3,2020-09-28
C3,0.489184219378642,3,2020-09-29
C3,0.487715320451156,3,2020-09-30
C3,0.488219009820325,3,2020-10-01
C3,0.492296132765372,3,2020-10-02
C3,0.500284614670316,3,2020-10-03
C3,0.507822108287418,3,2020-10-04
C3,0.519484719133788,3,2020-10-05
C3,0.521770714228804,3,2020-10-06
C3,0.531031039363424,3,2020-10-07
C3,0.544880665979944,3,2020-10-08
C3,0.562135359096706,3,2020-10-09
C3,0.566321869435014,3,2020-10-10
C3,0.56515167319414,3,2020-10-11
C3,0.573076389429746,3,2020-10-12
C3,0.583214439606068,3,2020-10-13
C3,0.58588613534707,3,2020-10-14
C3,0.58456401326989,3,2020-10-15
C3,0.585519713578011,3,2020-10-16
C3,0.578964472820721,3,2020-10-17
C3,0.576816134724177,3,2020-10-18
C3,0.565585367656349,3,2020-10-19
C3,0.562902435785196,3,2020-10-20
C3,0.562862745227219,3,2020-10-21
C3,0.562564625598488,3,2020-10-22
C3,0.565195813421277,3,2020-10-23
C3,0.56965612996884,3,2020-10-24
C3,0.573579234842346,3,2020-10-25
C3,0.583637006482909,3,2020-10-26
C3,0.586842385945834,3,2020-10-27
C3,0.585664397484001,3,2020-10-28
C3,0.585778075969396,3,2020-10-29
C3,0.581543473348461,3,2020-10-30
C3,0.591679809409124,3,2020-10-31
C3,0.594157282277659,3,2020-11-01
C3,0.585629154287505,3,2020-11-02
C3,0.587802265220493,3,2020-11-03
C3,0.594664130620154,3,2020-11-04
C3,0.602589957955919,2,2020-11-05
C3,0.604062729314713,2,2020-11-06
C3,0.605500632475008,2,2020-11-07
C3,0.60787173807192,2,2020-11-08
C3,0.620531522397115,2,2020-11-09
C3,0.62029893558242,2,2020-11-10
C3,0.622915645039319,2,2020-11-11
C3,0.623644761990551,2,2020-11-12
C3,0.622614095720769,2,2020-11-13
C3,0.61601885400059,2,2020-11-14
C3,0.615472750608908,2,2020-11-15
C3,0.61220880888934,2,2020-11-16
C3,0.612495667462375,2,2020-11-17
C3,0.611483710805257,2,2020-11-18
C3,0.609654986022734,2,2020-11-19
C3,0.616630801842087,2,2020-11-20
C3,0.624308752733751,2,2020-11-21
C3,0.62782959635775,2,2020-11-22
C3,0.631628498019422,2,2020-11-23
C3,0.629191656292041,2,2020-11-24
C3,0.631102102168004,2,2020-11-25
C3,0.62640197307711,2,2020-11-26
C3,0.617767442944117,2,2020-11-27
C3,0.613479694943937,2,2020-11-28
C3,0.622322438303296,2,2020-11-29
C3,0.62049756169329,2,2020-11-30
C3,0.627057536656146,2,2020-12-01
C3,0.620810135600531,2,2020-12-02
C3,0.613960537894296,2,2020-12-03
C3,0.610975782348242,2,2020-12-04
C3,0.612203251731971,2,2020-12-05
C3,0.607798259561021,2,2020-12-06
C3,0.601978397453734,2,2020-12-07
C3,0.605124954052173,2,2020-12-08
C3,0.607784719018723,2,2020-12-09
C3,0.621414727312333,2,2020-12-10
C3,0.632360988333574,2,2020-12-11
C3,0.627494054132636,2,2020-12-12
C3,0.623213542618082,2,2020-12-13
C3,0.622254326174296,2,2020-12-14
C3,0.61130124049051,2,2020-12-15
C3,0.606988160629956,2,2020-12-16
C3,0.594773810550794,3,2020-12-17
C3,0.582418766838394,3,2020-12-18
C3,0.570125991696351,3,2020-12-19
C3,0.561872591169738,3,2020-12-20
C3,0.559426786842367,3,2020-12-21
C3,0.55305625812132,3,2020-12-22
C3,0.54449221064623,3,2020-12-23
C3,0.532083185756039,3,2020-12-24
C3,0.544574989360846,3,2020-12-25
C3,0.565189697542586,3,2020-12-26
C3,0.573771547849704,3,2020-12-27
C3,0.567585641180035,3,2020-12-28
C3,0.565710629756849,3,2020-12-29
C3,0.561099588854522,3,2020-12-30
C3,0.554065349300625,3,2020-12-31
C3,0.541492632134485,3,2021-01-01
C3,0.535036906739855,3,2021-01-02
C3,0.527410294451104,3,2021-01-03
C3,0.528198691183827,3,2021-01-04
C3,0.517303584736906,3,2021-01-05
C3,0.504665324642935,3,2021-01-06
C3,0.512590942749673,3,2021-01-07
C3,0.510095560775124,3,2021-01-08
C3,0.494129515562865,3,2021-01-09
C4,0.0776520199861161,4,2020-03-10
C4,0.106223448557545,4,2020-03-11
C4,0.12858369700475,4,2020-03-12
C4,0.163215731636784,4,2020-03-13
C4,0.176456149755251,4,2020-03-14
C4,0.202124598953112,4,2020-03-15
C4,0.214290430197891,4,2020-03-16
C4,0.237576667769843,4,2020-03-17
C4,0.242977364633954,4,2020-03-18
C4,0.249927171583761,4,2020-03-19
C4,0.242444458218695,4,2020-03-20
C4,0.240357592430251,4,2020-03-21
C4,0.237227451484984,4,2020-03-22
C4,0.237755693084654,4,2020-03-23
C4,0.261498848883559,4,2020-03-24
C4,0.273348825873895,4,2020-03-25
C4,0.280621800547751,4,2020-03-26
C4,0.297720266891402,4,2020-03-27
C4,0.310445251483394,4,2020-03-28
C4,0.327915321948856,4,2020-03-29
C4,0.343157468964402,4,2020-03-30
C4,0.340348460020115,4,2020-03-31
C4,0.338329244602701,4,2020-04-01
C4,0.346784233638872,4,2020-04-02
C4,0.347138902395415,4,2020-04-03
C4,0.342307984521019,4,2020-04-04
C4,0.342884021387378,4,2020-04-05
C4,0.349882699748546,4,2020-04-06
C4,0.366774846201949,4,2020-04-07
C4,0.37856342654966,4,2020-04-08
C4,0.375513995030361,4,2020-04-09
C4,0.367042722654305,4,2020-04-10
C4,0.376877091184325,4,2020-04-11
C4,0.38300715515021,4,2020-04-12
C4,0.387184011470681,4,2020-04-13
C4,0.391126425645654,4,2020-04-14
C4,0.400254768865644,3,2020-04-15
C4,0.419465715439396,3,2020-04-16
C4,0.4381814702238,3,2020-04-17
C4,0.442918229829576,3,2020-04-18
C4,0.442241544820064,3,2020-04-19
C4,0.425790790605335,3,2020-04-20
C4,0.415379831701225,3,2020-04-21
C4,0.408515792992349,3,2020-04-22
C4,0.393765084107661,4,2020-04-23
C4,0.379560291237455,4,2020-04-24
C4,0.360708799270732,4,2020-04-25
C4,0.352572222682975,4,2020-04-26
C4,0.357141779124759,4,2020-04-27
C4,0.359328482809539,4,2020-04-28
C4,0.360920451699896,4,2020-04-29
C4,0.361809299468456,4,2020-04-30
C4,0.358438986550364,4,2020-05-01
C4,0.370123653259189,4,2020-05-02
C4,0.384063240981017,4,2020-05-03
C4,0.397406878417936,4,2020-05-04
C4,0.39892251870679,4,2020-05-05
C4,0.40560493890086,3,2020-05-06
C4,0.416023389219535,3,2020-05-07
C4,0.428559184201544,3,2020-05-08
C4,0.436550205403406,3,2020-05-09
C4,0.433207427602955,3,2020-05-10
C4,0.428414412323311,3,2020-05-11
C4,0.422884967561135,3,2020-05-12
C4,0.416249791043872,3,2020-05-13
C4,0.404999341932216,3,2020-05-14
C4,0.392995547507991,4,2020-05-15
C4,0.387320400158716,4,2020-05-16
C4,0.388129048221045,4,2020-05-17
C4,0.386557638361587,4,2020-05-18
C4,0.377963779729608,4,2020-05-19
C4,0.366556907221116,4,2020-05-20
C4,0.360278373395661,4,2020-05-21
C4,0.362019379868692,4,2020-05-22
C4,0.357871964762325,4,2020-05-23
C4,0.353135114886416,4,2020-05-24
C4,0.345717303570799,4,2020-05-25
C4,0.348098007531942,4,2020-05-26
C4,0.355578051650436,4,2020-05-27
C4,0.355659394373566,4,2020-05-28
C4,0.355662749892594,4,2020-05-29
C4,0.35729260511442,4,2020-05-30
C4,0.363103645223931,4,2020-05-31
C4,0.362092219204382,4,2020-06-01
C4,0.364434422855834,4,2020-06-02
C4,0.366440310778298,4,2020-06-03
C4,0.371494011420583,4,2020-06-04
C4,0.369964748012466,4,2020-06-05
C4,0.366462028391597,4,2020-06-06
C4,0.359080268378258,4,2020-06-07
C4,0.367091548667489,4,2020-06-08
C4,0.374228680038906,4,2020-06-09
C4,0.374895838471004,4,2020-06-10
C4,0.379559225874112,4,2020-06-11
C4,0.380736273644672,4,2020-06-12
C4,0.388668036382851,4,2020-06-13
C4,0.397067660104145,4,2020-06-14
C4,0.399777717281711,4,2020-06-15
C4,0.40366295451563,3,2020-06-16
C4,0.413682400500278,3,2020-06-17
C4,0.418163220477754,3,2020-06-18
C4,0.424721603106436,3,2020-06-19
C4,0.421648333000725,3,2020-06-20
C4,0.423181451626745,3,2020-06-21
C4,0.431552110675581,3,2020-06-22
C4,0.431234591117615,3,2020-06-23
C4,0.43294588921647,3,2020-06-24
C4,0.437383328328369,3,2020-06-25
C4,0.445752255711347,3,2020-06-26
C4,0.437821764822833,3,2020-06-27
C4,0.433492142340099,3,2020-06-28
C4,0.428674516125046,3,2020-06-29
C4,0.434413555833841,3,2020-06-30
C4,0.435191896317824,3,2020-07-01
C4,0.42984602118961,3,2020-07-02
C4,0.425075869754735,3,2020-07-03
C4,0.4396860660238,3,2020-07-04
C4,0.44906774865148,3,2020-07-05
C4,0.454257418723979,3,2020-07-06
C4,0.455019815539983,3,2020-07-07
C4,0.463857919923267,3,2020-07-08
C4,0.475172663810188,3,2020-07-09
C4,0.474668852298735,3,2020-07-10
C4,0.483409542887767,3,2020-07-11
C4,0.48704923923843,3,2020-07-12
C4,0.49112514405854,3,2020-07-13
C4,0.484824887617676,3,2020-07-14
C4,0.471473517392128,3,2020-07-15
C4,0.467153338121599,3,2020-07-16
C4,0.473841173878174,3,2020-07-17
C4,0.471295280627315,3,2020-07-18
C4,0.472785230986395,3,2020-07-19
C4,0.466174898488783,3,2020-07-20
C4,0.473625197969006,3,2020-07-21
C4,0.482147099202854,3,2020-07-22
C4,0.484852684501188,3,2020-07-23
C4,0.489321613768819,3,2020-07-24
C4,0.492627229312562,3,2020-07-25
C4,0.491739142046997,3,2020-07-26
C4,0.495787906727167,3,2020-07-27
C4,0.497955033149168,3,2020-07-28
C4,0.498314049583871,3,2020-07-29
C4,0.497254711824359,3,2020-07-30
C4,0.496249963319427,3,2020-07-31
C4,0.487686318587394,3,2020-08-01
C4,0.491076457594278,3,2020-08-02
C4,0.499200352365772,3,2020-08-03
C4,0.501534419949041,3,2020-08-04
C4,0.50727217368707,3,2020-08-05
C4,0.519577642772862,3,2020-08-06
C4,0.521006762864919,3,2020-08-07
C4,0.530244558306059,3,2020-08-08
C4,0.532869375041827,3,2020-08-09
C4,0.527663447250084,3,2020-08-10
C4,0.52823461321647,3,2020-08-11
C4,0.529360902667633,3,2020-08-12
C4,0.520102410274296,3,2020-08-13
C4,0.513564162266999,3,2020-08-14
C4,0.510970683102815,3,2020-08-15
C4,0.510682860731389,3,2020-08-16
C4,0.515884320163683,3,2020-08-17
C4,0.515459666541208,3,2020-08-18
C4,0.517937974699378,3,2020-08-19
C4,0.51096095689406,3,2020-08-20
C4,0.51437910265566,3,2020-08-21
C4,0.515975801396418,3,2020-08-22
C4,0.511893573793586,3,2020-08-23
C4,0.508830903811925,3,2020-08-24
C4,0.508175768293533,3,2020-08-25
C4,0.504180540890804,3,2020-08-26
C4,0.511790632229531,3,2020-08-27
C4,0.507877809689867,3,2020-08-28
C4,0.503934728479063,3,2020-08-29
C4,0.497489774385744,3,2020-08-30
C4,0.497093939799496,3,2020-08-31
C4,0.488529928004352,3,2020-09-01
C4,0.4840241448284,3,2020-09-02
C4,0.480689934712275,3,2020-09-03
C4,0.480929427515894,3,2020-09-04
C4,0.476627032908271,3,2020-09-05
C4,0.477279975455405,3,2020-09-06
C4,0.467046042765945,3,2020-09-07
C4,0.471533409157218,3,2020-09-08
C4,0.470310713766292,3,2020-09-09
C4,0.463818261651594,3,2020-09-10
C4,0.466098503132628,3,2020-09-11
C4,0.465113529555677,3,2020-09-12
C4,0.460850875341449,3,2020-09-13
C4,0.465931139999425,3,2020-09-14
C4,0.457342327415244,3,2020-09-15
C4,0.441937540479721,3,2020-09-16
C4,0.423892872370983,3,2020-09-17
C4,0.407822626189192,3,2020-09-18
C4,0.40486370940539,3,2020-09-19
C4,0.406061872881307,3,2020-09-20
C4,0.406755478861732,3,2020-09-21
C4,0.418375704295226,3,2020-09-22
C4,0.438673304831581,3,2020-09-23
C4,0.464656223879849,3,2020-09-24
C4,0.481167932590209,3,2020-09-25
C4,0.494203281115391,3,2020-09-26
C4,0.507957990354826,3,2020-09-27
C4,0.514743048638903,3,2020-09-28
C4,0.519484513252959,3,2020-09-29
C4,0.520607157398671,3,2020-09-30
C4,0.519723749081883,3,2020-10-01
C4,0.520795678051386,3,2020-10-02
C4,0.519556137250512,3,2020-10-03
C4,0.516970861880848,3,2020-10-04
C4,0.519158699967693,3,2020-10-05
C4,0.518609433257294,3,2020-10-06
C4,0.524774684573286,3,2020-10-07
C4,0.531029782132732,3,2020-10-08
C4,0.53929741180228,3,2020-10-09
C4,0.526547647678471,3,2020-10-10
C4,0.526583678450698,3,2020-10-11
C4,0.528169810172094,3,2020-10-12
C4,0.532497241807,3,2020-10-13
C4,0.533711398872668,3,2020-10-14
C4,0.53462873550429,3,2020-10-15
C4,0.531385574068111,3,2020-10-16
C4,0.550993249121331,3,2020-10-17
C4,0.552391803747018,3,2020-10-18
C4,0.556959168450336,3,2020-10-19
C4,0.551844825707251,3,2020-10-20
C4,0.550385362639147,3,2020-10-21
C4,0.550941842406714,3,2020-10-22
C4,0.551148700757011,3,2020-10-23
C4,0.544158521951725,3,2020-10-24
C4,0.548937771781153,3,2020-10-25
C4,0.543575867537495,3,2020-10-26
C4,0.549192322990071,3,2020-10-27
C4,0.546032113061351,3,2020-10-28
C4,0.545431267721468,3,2020-10-29
C4,0.539752516787743,3,2020-10-30
C4,0.546865029673209,3,2020-10-31
C4,0.541056086951517,3,2020-11-01
C4,0.537990148324429,3,2020-11-02
C4,0.539693674582284,3,2020-11-03
C4,0.540905266396789,3,2020-11-04
C4,0.542217558878275,3,2020-11-05
C4,0.545199045286205,3,2020-11-06
C4,0.540937198211221,3,2020-11-07
C4,0.547442573352034,3,2020-11-08
C4,0.55275301092192,3,2020-11-09
C4,0.550960887721334,3,2020-11-10
C4,0.554543727164274,3,2020-11-11
C4,0.557617440757459,3,2020-11-12
C4,0.56210677858013,3,2020-11-13
C4,0.565410785767053,3,2020-11-14
C4,0.56195568231195,3,2020-11-15
C4,0.562472467482868,3,2020-11-16
C4,0.569782536113896,3,2020-11-17
C4,0.567279992086029,3,2020-11-18
C4,0.570367639088149,3,2020-11-19
C4,0.572752358340339,3,2020-11-20
C4,0.57844774276081,3,2020-11-21
C4,0.579945845329577,3,2020-11-22
C4,0.58087649575886,3,2020-11-23
C4,0.581130919002484,3,2020-11-24
C4,0.584404666984234,3,2020-11-25
C4,0.585322232865464,3,2020-11-26
C4,0.582875773253027,3,2020-11-27
C4,0.578236854236397,3,2020-11-28
C4,0.581775606704485,3,2020-11-29
C4,0.58386049499627,3,2020-11-30
C4,0.574254369441025,3,2020-12-01
C4,0.577163621948143,3,2020-12-02
C4,0.575759040511794,3,2020-12-03
C4,0.578495454705745,3,2020-12-04
C4,0.579515038340211,3,2020-12-05
C4,0.571129103976623,3,2020-12-06
C4,0.565198508564915,3,2020-12-07
C4,0.565811662440161,3,2020-12-08
C4,0.564986753951195,3,2020-12-09
C4,0.558298258345337,3,2020-12-10
C4,0.556954750628353,3,2020-12-11
C4,0.554296121087755,3,2020-12-12
C4,0.564554723562072,3,2020-12-13
C4,0.569092848979629,3,2020-12-14
C4,0.574639339462785,3,2020-12-15
C4,0.57488105500835,3,2020-12-16
C4,0.580152286595484,3,2020-12-17
C4,0.582505154637639,3,2020-12-18
C4,0.590683792521642,3,2020-12-19
C4,0.5903888305922,3,2020-12-20
C4,0.597102838068338,3,2020-12-21
C4,0.590250878233567,3,2020-12-22
C4,0.577478473226969,3,2020-12-23
C4,0.564604709770387,3,2020-12-24
C4,0.566166438283017,3,2020-12-25
C4,0.562232515745305,3,2020-12-26
C4,0.566592989031609,3,2020-12-27
C4,0.568258333821695,3,2020-12-28
C4,0.579820010816775,3,2020-12-29
C4,0.584074824408884,3,2020-12-30
C4,0.584139694923643,3,2020-12-31
C4,0.577999659441651,3,2021-01-01
C4,0.579338278391006,3,2021-01-02
C5,0.0,4,2020-03-10
C5,0.0057142857142857,4,2020-03-11
C5,0.0132330827067669,4,2020-03-12
C5,0.0243937969924812,4,2020-03-13
C5,0.0333223684210526,4,2020-03-14
C5,0.0467677465723131,4,2020-03-15
C5,0.050969427244582,4,2020-03-16
C5,0.0646837129588678,4,2020-03-17
C5,0.0698884445330261,4,2020-03-18
C5,0.0737982189691163,4,2020-03-19
C5,0.0735218584248986,4,2020-03-20
C5,0.079589340666414,4,2020-03-21
C5,0.0748258883241511,4,2020-03-22
C5,0.084449092444509,4,2020-03-23
C5,0.0901813287945464,4,2020-03-24
C5,0.0964051686489595,4,2020-03-25
C5,0.099194606699061,4,2020-03-26
C5,0.111661901309213,4,2020-03-27
C5,0.128996674706795,4,2020-03-28
C5,0.15251953832802,4,2020-03-29
C5,0.165272726625095,4,2020-03-30
C5,0.177482048716616,4,2020-03-31
C5,0.184859447437298,4,2020-04-01
C5,0.202921657738845,4,2020-04-02
C5,0.210567313969407,4,2020-04-03
C5,0.209292387522856,4,2020-04-04
C5,0.218010217140252,4,2020-04-05
C5,0.225266730516716,4,2020-04-06
C5,0.240090722314392,4,2020-04-07
C5,0.259165369200685,4,2020-04-08
C5,0.255335512616591,4,2020-04-09
C5,0.256805740501913,4,2020-04-10
C5,0.270693660105514,4,2020-04-11
C5,0.280898860606768,4,2020-04-12
C5,0.296229394734294,4,2020-04-13
C5,0.310401187853456,4,2020-04-14
C5,0.321267952468517,4,2020-04-15
C5,0.339520885975687,4,2020-04-16
C5,0.348571210651012,4,2020-04-17
C5,0.352318249406541,4,2020-04-18
C5,0.345586034253273,4,2020-04-19
C5,0.339459544719991,4,2020-04-20
C5,0.327904403884609,4,2020-04-21
C5,0.321061784138763,4,2020-04-22
C5,0.31764853072551,4,2020-04-23
C5,0.310268529638317,4,2020-04-24
C5,0.294364555903971,4,2020-04-25
C5,0.289882012168315,4,2020-04-26
C5,0.281508128619,4,2020-04-27
C5,0.274680692084715,4,2020-04-28
C5,0.266011788281583,4,2020-04-29
C5,0.257940326806288,4,2020-04-30
C5,0.244962301019365,4,2020-05-01
C5,0.230612587090669,4,2020-05-02
C5,0.215738740977865,4,2020-05-03
C5,0.214679997851995,4,2020-05-04
C5,0.200848996927812,4,2020-05-05
C5,0.189989315657946,4,2020-05-06
C5,0.180331076584157,4,2020-05-07
C5,0.176129108597019,4,2020-05-08
C5,0.176371000813758,4,2020-05-09
C5,0.173501732089254,4,2020-05-10
C5,0.158175717295494,4,2020-05-11
C5,0.145947637995778,4,2020-05-12
C5,0.130365042032484,4,2020-05-13
C5,0.118781164209795,4,2020-05-14
C5,0.11433786242519,4,2020-05-15
C5,0.114978148064456,4,2020-05-16
C5,0.114885224318838,4,2020-05-17
C5,0.116544939598585,4,2020-05-18
C5,0.122243392199348,4,2020-05-19
C5,0.125045560673559,4,2020-05-20
C5,0.130548122132453,4,2020-05-21
C5,0.137707647486012,4,2020-05-22
C5,0.13770889279263,4,2020-05-23
C5,0.135563859537533,4,2020-05-24
C5,0.135261924304091,4,2020-05-25
C5,0.136264235444444,4,2020-05-26
C5,0.143813948344101,4,2020-05-27
C5,0.143268936924809,4,2020-05-28
C5,0.144104044850774,4,2020-05-29
C5,0.147754499255614,4,2020-05-30
C5,0.158405531231506,4,2020-05-31
C5,0.161349464512088,4,2020-06-01
C5,0.165620417417751,4,2020-06-02
C5,0.174680868962373,4,2020-06-03
C5,0.184974185704083,4,2020-06-04
C5,0.187274899009821,4,2020-06-05
C5,0.19348786774569,4,2020-06-06
C5,0.195393450826417,4,2020-06-07
C5,0.206901626719755,4,2020-06-08
C5,0.219297358965983,4,2020-06-09
C5,0.224593870781802,4,2020-06-10
C5,0.233153482380974,4,2020-06-11
C5,0.237079811354851,4,2020-06-12
C5,0.241460868115713,4,2020-06-13
C5,0.248748014124634,4,2020-06-14
C5,0.255417376072186,4,2020-06-15
C5,0.26324031653326,4,2020-06-16
C5,0.271028940900321,4,2020-06-17
C5,0.277714734452915,4,2020-06-18
C5,0.286315077211619,4,2020-06-19
C5,0.295160064251686,4,2020-06-20
C5,0.304159966193308,4,2020-06-21
C5,0.313444279441035,4,2020-06-22
C5,0.31763122019514,4,2020-06-23
C5,0.324647754266873,4,2020-06-24
C5,0.330200396694753,4,2020-06-25
C5,0.338070993552633,4,2020-06-26
C5,0.336555617650424,4,2020-06-27
C5,0.336479847345313,4,2020-06-28
C5,0.336263482278436,4,2020-06-29
C5,0.34387049620314,4,2020-06-30
C5,0.344917312788361,4,2020-07-01
C5,0.345729472825934,4,2020-07-02
C5,0.346568198341973,4,2020-07-03
C5,0.353874700388205,4,2020-07-04
C5,0.360789338074588,4,2020-07-05
C5,0.366935415634078,4,2020-07-06
C5,0.365396101286037,4,2020-07-07
C5,0.374887879311289,4,2020-07-08
C5,0.380705094635819,4,2020-07-09
C5,0.375600455230962,4,2020-07-10
C5,0.381542633196737,4,2020-07-11
C5,0.386745159536248,4,2020-07-12
C5,0.384925415644447,4,2020-07-13
C5,0.384098077408082,4,2020-07-14
C5,0.371133300373285,4,2020-07-15
C5,0.367745724162958,4,2020-07-16
C5,0.373825604904552,4,2020-07-17
C5,0.369062816346344,4,2020-07-18
C5,0.370118357669061,4,2020-07-19
C5,0.367215017836539,4,2020-07-20
C5,0.36839944863532,4,2020-07-21
C5,0.377621426541547,4,2020-07-22
C5,0.377067909994509,4,2020-07-23
C5,0.379564064986311,4,2020-07-24
C5,0.378701008228887,4,2020-07-25
C5,0.373621424271752,4,2020-07-26
C5,0.373725116379779,4,2020-07-27
C5,0.373786834024341,4,2020-07-28
C5,0.369344699797623,4,2020-07-29
C5,0.362144083426701,4,2020-07-30
C5,0.359745460338423,4,2020-07-31
C5,0.354094462963048,4,2020-08-01
C5,0.351757936515735,4,2020-08-02
C5,0.357210564482116,4,2020-08-03
C5,0.357196938814274,4,2020-08-04
C5,0.361174918699113,4,2020-08-05
C5,0.376886362981986,4,2020-08-06
C5,0.37954441513764,4,2020-08-07
C5,0.390980315020856,4,2020-08-08
C5,0.398910818661217,4,2020-08-09
C5,0.396353863731983,4,2020-08-10
C5,0.400537632039721,3,2020-08-11
C5,0.403775994616899,3,2020-08-12
C5,0.397507075566025,4,2020-08-13
C5,0.395145944525481,4,2020-08-14
C5,0.392237250025002,4,2020-08-15
C5,0.393214325216042,4,2020-08-16
C5,0.40058747515524,3,2020-08-17
C5,0.402715293949911,3,2020-08-18
C5,0.408487952496554,3,2020-08-19
C5,0.406971969235396,3,2020-08-20
C5,0.411334471328305,3,2020-08-21
C5,0.416913532220955,3,2020-08-22
C5,0.41451165099413,3,2020-08-23
C5,0.412625640106398,3,2020-08-24
C5,0.412479095498405,3,2020-08-25
C5,0.409463590760846,3,2020-08-26
C5,0.411202866966462,3,2020-08-27
C5,0.409365567270221,3,2020-08-28
C5,0.406615100998133,3,2020-08-29
C5,0.404328534637071,3,2020-08-30
C5,0.404084079571196,3,2020-08-31
C5,0.395120462190847,4,2020-09-01
C5,0.390957138007482,4,2020-09-02
C5,0.387403732193438,4,2020-09-03
C5,0.382520098164631,4,2020-09-04
C5,0.373122277892053,4,2020-09-05
C5,0.364046476146931,4,2020-09-06
C5,0.354951341995588,4,2020-09-07
C5,0.358288899000891,4,2020-09-08
C5,0.352455013750072,4,2020-09-09
C5,0.349585397733904,4,2020-09-10
C5,0.352569927133078,4,2020-09-11
C5,0.352823621434222,4,2020-09-12
C5,0.353121286417795,4,2020-09-13
C5,0.350303783881483,4,2020-09-14
C5,0.338167861551385,4,2020-09-15
C5,0.327683287570668,4,2020-09-16
C5,0.313563215463627,4,2020-09-17
C5,0.300726825088901,4,2020-09-18
C5,0.30223528455953,4,2020-09-19
C5,0.302784242180856,4,2020-09-20
C5,0.308969125726965,4,2020-09-21
C5,0.319921554837768,4,2020-09-22
C5,0.329641500480044,4,2020-09-23
C5,0.345040573933369,4,2020-09-24
C5,0.355734719188224,4,2020-09-25
C5,0.363033936008452,4,2020-09-26
C5,0.372495341538406,4,2020-09-27
C5,0.378245436640712,4,2020-09-28
C5,0.385500594765338,4,2020-09-29
C5,0.390410942201632,4,2020-09-30
C5,0.393947527567485,4,2020-10-01
C5,0.398496422966607,4,2020-10-02
C5,0.399511954258158,4,2020-10-03
C5,0.402332589231201,3,2020-10-04
C5,0.404648188488901,3,2020-10-05
C5,0.407275933960152,3,2020-10-06
C5,0.416431673969942,3,2020-10-07
C5,0.423878174837495,3,2020-10-08
C5,0.426783706130367,3,2020-10-09
C5,0.423022324862746,3,2020-10-10
C5,0.425935206668295,3,2020-10-11
C5,0.429131395582475,3,2020-10-12
C5,0.43256048400761,3,2020-10-13
C5,0.437829531875473,3,2020-10-14
C5,0.440740537925059,3,2020-10-15
C5,0.442509419682117,3,2020-10-16
C5,0.450099555225364,3,2020-10-17
C5,0.447704555517437,3,2020-10-18
C5,0.450629883121325,3,2020-10-19
C5,0.44417361643988,3,2020-10-20
C5,0.44355972226751,3,2020-10-21
C5,0.439703202842141,3,2020-10-22
C5,0.439479108357725,3,2020-10-23
C5,0.437182358205444,3,2020-10-24
C5,0.440300330540577,3,2020-10-25
C5,0.436889457224555,3,2020-10-26
C5,0.442685402173631,3,2020-10-27
C5,0.440657173635535,3,2020-10-28
C5,0.443997653902937,3,2020-10-29
C5,0.438664833726259,3,2020-10-30
C5,0.444773343324102,3,2020-10-31
C5,0.446108975950859,3,2020-11-01
C5,0.447100074517945,3,2020-11-02
C5,0.454575228880526,3,2020-11-03
C5,0.453065790887128,3,2020-11-04
C5,0.453482681790568,3,2020-11-05
C5,0.455554895654131,3,2020-11-06
C5,0.452356020552473,3,2020-11-07
C5,0.454708068089383,3,2020-11-08
C5,0.458463127244644,3,2020-11-09
C5,0.453085576443854,3,2020-11-10
C5,0.461237889247329,3,2020-11-11
C5,0.461168226087042,3,2020-11-12
C5,0.466203891584617,3,2020-11-13
C5,0.467972834650104,3,2020-11-14
C5,0.469349402407828,3,2020-11-15
C5,0.467704110260229,3,2020-11-16
C5,0.472190625687745,3,2020-11-17
C5,0.466696120193239,3,2020-11-18
C5,0.470016741461099,3,2020-11-19
C5,0.471801531669043,3,2020-11-20
C5,0.47700500880808,3,2020-11-21
C5,0.472141786923582,3,2020-11-22
C5,0.473822526492997,3,2020-11-23
C5,0.474440591112928,3,2020-11-24
C5,0.473078605640773,3,2020-11-25
C5,0.475189628864622,3,2020-11-26
C5,0.473382115475712,3,2020-11-27
C5,0.468842713973187,3,2020-11-28
C5,0.477269617295554,3,2020-11-29
C5,0.474993646306893,3,2020-11-30
C5,0.461455156972692,3,2020-12-01
C5,0.461640088795981,3,2020-12-02
C5,0.457160280964178,3,2020-12-03
C5,0.45741477335381,3,2020-12-04
C5,0.45543376884116,3,2020-12-05
C5,0.444793985934668,3,2020-12-06
C5,0.438916188960549,3,2020-12-07
C5,0.444405648920735,3,2020-12-08
C5,0.448087991512926,3,2020-12-09
C5,0.442873326356739,3,2020-12-10
C5,0.442399849577047,3,2020-12-11
C5,0.441973994539981,3,2020-12-12
C5,0.448683258150939,3,2020-12-13
C5,0.452626940378505,3,2020-12-14
C5,0.455071062156005,3,2020-12-15
C5,0.450309029221918,3,2020-12-16
C5,0.450405985546388,3,2020-12-17
C5,0.451394437835789,3,2020-12-18
C5,0.457555125566815,3,2020-12-19
C5,0.455174710677229,3,2020-12-20
C5,0.458759967064219,3,2020-12-21
C5,0.447666056856016,3,2020-12-22
C5,0.442660436441557,3,2020-12-23
C5,0.436076600324184,3,2020-12-24
C5,0.439373174800643,3,2020-12-25
C5,0.433271856271843,3,2020-12-26
D1,63.61,1,2020-04-14
D1,63.08,1,2020-04-15
D1,64.03,1,2020-04-16
D1,63.9,1,2020-04-17
D1,63.86,1,2020-04-18
D1,64.97,1,2020-04-19
D1,66.81,1,2020-04-20
D1,67.72,1,2020-04-21
D1,66.34,1,2020-04-22
D1,66.95,1,2020-04-23
D1,66.71,1,2020-04-24
D1,64.91,1,2020-04-25
D1,63.57,1,2020-04-26
D1,65.22,1,2020-04-27
D1,65.71,1,2020-04-28
D1,65.1,1,2020-04-29
D1,64.4,1,2020-04-30
D1,64.21,1,2020-05-01
D1,62.14,1,2020-05-02
D1,63.07,1,2020-05-03
D1,64.33,1,2020-05-04
D1,64.93,1,2020-05-05
D1,65.15,1,2020-05-06
D1,65.64,1,2020-05-07
D1,67.4,1,2020-05-08
D1,69.92,1,2020-05-09
D1,69.86,1,2020-05-10
D1,68.31,1,2020-05-11
D1,69.56,1,2020-05-12
D1,71.08,1,2020-05-13
D1,73.06,1,2020-05-14
D1,78.09,2,2020-05-15
D1,78.35,2,2020-05-16
D1,73.29,1,2020-05-17
D1,75.31,2,2020-05-18
D1,78.64,2,2020-05-19
D1,81.69,3,2020-05-20
D1,84.37,3,2020-05-21
D1,84.11,3,2020-05-22
D1,85.07,4,2020-05-23
D1,84.99,3,2020-05-24
D1,86.28,4,2020-05-25
D1,86.12,4,2020-05-26
D1,86.31,4,2020-05-27
D1,86.04,4,2020-05-28
D1,86.3,4,2020-05-29
D1,87.03,4,2020-05-30
D1,87.85,4,2020-05-31
D1,89.02,4,2020-06-01
D1,87.57,4,2020-06-02
D1,87.94,4,2020-06-03
D1,88.65,4,2020-06-04
D1,88.15,4,2020-06-05
D1,88.75,4,2020-06-06
D1,88.38,4,2020-06-07
D1,88.7,4,2020-06-08
D1,89.3,4,2020-06-09
D1,89.18,4,2020-06-10
D1,88.53,4,2020-06-11
D1,89.17,4,2020-06-12
D1,89.46,4,2020-06-13
D1,89.48,4,2020-06-14
D1,87.04,4,2020-06-15
D1,87.49,4,2020-06-16
D1,88.19,4,2020-06-17
D1,88.29,4,2020-06-18
D1,89.32,4,2020-06-19
D1,89.68,4,2020-06-20
D1,89.99,4,2020-06-21
D1,90.59,4,2020-06-22
D1,91.5,4,2020-06-23
D1,90.74,4,2020-06-24
D1,90.13,4,2020-06-25
D1,89.99,4,2020-06-26
D1,91.22,4,2020-06-27
D1,90.19,4,2020-06-28
D1,90.63,4,2020-06-29
D1,90.59,4,2020-06-30
D1,91.17,4,2020-07-01
D1,91.15,4,2020-07-02
D1,90.78,4,2020-07-03
D1,89.88,4,2020-07-04
D1,88.98,4,2020-07-05
D1,88.93,4,2020-07-06
D1,89.21,4,2020-07-07
D1,88.55,4,2020-07-08
D1,88.0,4,2020-07-09
D1,86.78,4,2020-07-10
D1,85.76,4,2020-07-11
D1,85.36,4,2020-07-12
D1,86.13,4,2020-07-13
D1,86.53,4,2020-07-14
D1,86.25,4,2020-07-15
D1,85.25,4,2020-07-16
D1,84.49,3,2020-07-17
D1,84.87,3,2020-07-18
D1,85.87,4,2020-07-19
D1,85.17,4,2020-07-20
D1,85.34,4,2020-07-21
D1,84.63,3,2020-07-22
D1,83.97,3,2020-07-23
D1,83.01,3,2020-07-24
D1,83.76,3,2020-07-25
D1,82.88,3,2020-07-26
D1,83.08,3,2020-07-27
D1,83.03,3,2020-07-28
D1,83.26,3,2020-07-29
D1,83.4,3,2020-07-30
D1,82.96,3,2020-07-31
D1,81.64,3,2020-08-01
D1,81.01,3,2020-08-02
D1,80.96,3,2020-08-03
D1,80.5,3,2020-08-04
D1,81.46,3,2020-08-05
D1,81.96,3,2020-08-06
D1,81.29,3,2020-08-07
D1,80.29,3,2020-08-08
D1,78.78,2,2020-08-09
D1,78.83,2,2020-08-10
D1,79.96,2,2020-08-11
D1,81.24,3,2020-08-12
D1,81.56,3,2020-08-13
D1,80.9,3,2020-08-14
D1,81.01,3,2020-08-15
D1,79.79,2,2020-08-16
D1,79.56,2,2020-08-17
D1,79.73,2,2020-08-18
D1,78.58,2,2020-08-19
D1,79.09,2,2020-08-20
D1,79.54,2,2020-08-21
D1,80.3,3,2020-08-22
D1,78.33,2,2020-08-23
D1,78.1,2,2020-08-24
D1,78.76,2,2020-08-25
D1,79.38,2,2020-08-26
D1,79.66,2,2020-08-27
D1,79.68,2,2020-08-28
D1,78.89,2,2020-08-29
D1,79.8,2,2020-08-30
D1,79.61,2,2020-08-31
D1,79.8,2,2020-09-01
D1,80.71,3,2020-09-02
D1,81.42,3,2020-09-03
D1,81.01,3,2020-09-04
D1,81.14,3,2020-09-05
D1,80.91,3,2020-09-06
D1,79.8,2,2020-09-07
D1,81.18,3,2020-09-08
D1,81.34,3,2020-09-09
D1,81.33,3,2020-09-10
D1,82.29,3,2020-09-11
D1,82.27,3,2020-09-12
D1,82.1,3,2020-09-13
D1,80.6,3,2020-09-14
D1,82.59,3,2020-09-15
D1,82.88,3,2020-09-16
D1,82.19,3,2020-09-17
D1,81.83,3,2020-09-18
D1,81.94,3,2020-09-19
D1,82.22,3,2020-09-20
D1,81.34,3,2020-09-21
D1,81.56,3,2020-09-22
D1,81.54,3,2020-09-23
D1,81.77,3,2020-09-24
D1,81.07,3,2020-09-25
D1,80.81,3,2020-09-26
D1,80.84,3,2020-09-27
D1,80.82,3,2020-09-28
D1,80.33,3,2020-09-29
D1,81.89,3,2020-09-30
D1,80.4,3,2020-10-01
D1,80.66,3,2020-10-02
D1,81.86,3,2020-10-03
D1,81.68,3,2020-10-04
D1,81.14,3,2020-10-05
D1,80.73,3,2020-10-06
D1,82.16,3,2020-10-07
D1,83.22,3,2020-10-08
D1,82.7,3,2020-10-09
D1,83.0,3,2020-10-10
D1,83.29,3,2020-10-11
D1,84.31,3,2020-10-12
D1,83.91,3,2020-10-13
D1,83.95,3,2020-10-14
D1,84.56,3,2020-10-15
D1,85.2,4,2020-10-16
D1,83.64,3,2020-10-17
D1,84.51,3,2020-10-18
D1,84.89,3,2020-10-19
D1,84.69,3,2020-10-20
D1,83.02,3,2020-10-21
D1,84.25,3,2020-10-22
D1,82.53,3,2020-10-23
D1,82.86,3,2020-10-24
D1,83.4,3,2020-10-25
D1,83.55,3,2020-10-26
D1,83.97,3,2020-10-27
D1,84.88,3,2020-10-28
D1,83.65,3,2020-10-29
D1,83.94,3,2020-10-30
D1,83.45,3,2020-10-31
D1,83.18,3,2020-11-01
D1,82.71,3,2020-11-02
D1,83.75,3,2020-11-03
D1,83.72,3,2020-11-04
D1,84.46,3,2020-11-05
D1,85.95,4,2020-11-06
D1,85.29,4,2020-11-07
D1,84.63,3,2020-11-08
D1,83.68,3,2020-11-09
D1,84.16,3,2020-11-10
D1,83.86,3,2020-11-11
D1,84.72,3,2020-11-12
D1,85.5,4,2020-11-13
D1,85.45,4,2020-11-14
D1,85.61,4,2020-11-15
D1,84.84,3,2020-11-16
D1,84.79,3,2020-11-17
D1,85.2,4,2020-11-18
D1,85.25,4,2020-11-19
D1,86.86,4,2020-11-20
D1,85.55,4,2020-11-21
D1,85.36,4,2020-11-22
D1,84.4,3,2020-11-23
D1,84.85,3,2020-11-24
D1,86.02,4,2020-11-25
D1,86.46,4,2020-11-26
D1,86.37,4,2020-11-27
D1,86.44,4,2020-11-28
D1,86.04,4,2020-11-29
D1,86.03,4,2020-11-30
D1,86.43,4,2020-12-01
D1,86.25,4,2020-12-02
D1,86.49,4,2020-12-03
D1,87.19,4,2020-12-04
D1,86.95,4,2020-12-05
D1,86.13,4,2020-12-06
D1,86.21,4,2020-12-07
D1,87.15,4,2020-12-08
D1,86.56,4,2020-12-09
D1,86.56,4,2020-12-10
D1,86.31,4,2020-12-11
D1,86.43,4,2020-12-12
D1,85.07,4,2020-12-13
D1,85.63,4,2020-12-14
D1,85.4,4,2020-12-15
D1,85.73,4,2020-12-16
D1,86.46,4,2020-12-17
D1,85.99,4,2020-12-18
D1,85.3,4,2020-12-19
D1,85.02,4,2020-12-20
D1,84.86,3,2020-12-21
D1,86.76,4,2020-12-22
D1,86.94,4,2020-12-23
D1,87.3,4,2020-12-24
D1,88.0,4,2020-12-25
D1,87.22,4,2020-12-26
D1,86.51,4,2020-12-27
D1,87.38,4,2020-12-28
D1,87.34,4,2020-12-29
D2,24.451612903225808,1,2020-04-14
D2,24.888035828534868,1,2020-04-15
D2,24.27307206068268,1,2020-04-16
D2,24.002493765586035,1,2020-04-17
D2,22.12661339889367,1,2020-04-18
D2,22.92562999385372,1,2020-04-19
D2,23.25724861196792,1,2020-04-20
D2,24.28748451053284,1,2020-04-21
D2,24.64484249536751,1,2020-04-22
D2,25.33908754623921,1,2020-04-23
D2,25.53846153846154,1,2020-04-24
D2,25.644171779141104,1,2020-04-25
D2,24.383078730904817,1,2020-04-26
D2,25.029377203290245,1,2020-04-27
D2,25.176470588235293,1,2020-04-28
D2,24.516129032258064,1,2020-04-29
D2,24.53161592505855,1,2020-04-30
D2,25.029239766081872,1,2020-05-01
D2,23.28767123287671,1,2020-05-02
D2,24.6027397260274,1,2020-05-03
D2,25.42465753424657,1,2020-05-04
D2,25.753424657534246,1,2020-05-05
D2,26.63013698630137,1,2020-05-06
D2,27.013698630136982,1,2020-05-07
D2,27.83561643835617,1,2020-05-08
D2,29.80821917808219,1,2020-05-09
D2,30.95890410958904,1,2020-05-10
D2,30.02092050209205,1,2020-05-11
D2,31.589958158995817,1,2020-05-12
D2,33.57740585774059,1,2020-05-13
D2,34.67573221757322,1,2020-05-14
D2,37.18619246861925,1,2020-05-15
D2,39.27824267782427,1,2020-05-16
D2,36.10328638497653,1,2020-05-17
D2,37.88732394366197,1,2020-05-18
D2,41.12676056338028,1,2020-05-19
D2,42.44131455399061,1,2020-05-20
D2,44.27230046948357,1,2020-05-21
D2,45.29168580615526,1,2020-05-22
D2,47.2,1,2020-05-23
D2,47.02329594477998,1,2020-05-24
D2,48.35960801022582,1,2020-05-25
D2,50.71729957805907,2,2020-05-26
D2,51.75837815473728,2,2020-05-27
D2,51.99677289229528,2,2020-05-28
D2,53.61397934868943,2,2020-05-29
D2,53.89150943396226,2,2020-05-30
D2,53.68788819875776,2,2020-05-31
D2,55.52995391705069,2,2020-06-01
D2,52.87900874635569,2,2020-06-02
D2,53.75364431486881,2,2020-06-03
D2,54.618473895582326,2,2020-06-04
D2,54.96928080954102,2,2020-06-05
D2,54.93871665465032,2,2020-06-06
D2,55.18951470067304,2,2020-06-07
D2,55.3184044786564,2,2020-06-08
D2,54.26703372333104,2,2020-06-09
D2,55.34284719805082,2,2020-06-10
D2,56.219596942321054,2,2020-06-11
D2,57.52706950750961,2,2020-06-12
D2,57.22183828610919,2,2020-06-13
D2,59.17874396135266,2,2020-06-14
D2,57.109711634073584,2,2020-06-15
D2,57.2992700729927,2,2020-06-16
D2,59.5222295952223,2,2020-06-17
D2,61.21433311214333,2,2020-06-18
D2,63.40411413404114,2,2020-06-19
D2,64.73125414731254,2,2020-06-20
D2,66.13651424784625,2,2020-06-21
D2,66.73293571901922,2,2020-06-22
D2,66.47915287888816,2,2020-06-23
D2,67.68111147866358,2,2020-06-24
D2,68.37775584073708,2,2020-06-25
D2,68.48325673013788,2,2020-06-26
D2,68.75,2,2020-06-27
D2,69.12337662337663,2,2020-06-28
D2,67.2674605728999,2,2020-06-29
D2,67.6300578034682,2,2020-06-30
D2,66.89232753062541,2,2020-07-01
D2,67.27564102564102,2,2020-07-02
D2,67.20893141945774,2,2020-07-03
D2,66.08335984727967,2,2020-07-04
D2,65.44881889763779,2,2020-07-05
D2,65.26813880126183,2,2020-07-06
D2,64.77987421383648,2,2020-07-07
D2,64.55974842767296,2,2020-07-08
D2,62.46875,2,2020-07-09
D2,61.87810945273632,2,2020-07-10
D2,62.822124450031424,2,2020-07-11
D2,62.6570351758794,2,2020-07-12
D2,60.87641866330391,2,2020-07-13
D2,60.391043834752445,2,2020-07-14
D2,59.24290220820189,2,2020-07-15
D2,57.51737207833228,2,2020-07-16
D2,56.83544303797469,2,2020-07-17
D2,56.83476054551221,2,2020-07-18
D2,56.14258434118396,2,2020-07-19
D2,55.89923469387755,2,2020-07-20
D2,55.19003513254551,2,2020-07-21
D2,54.05059237912264,2,2020-07-22
D2,53.74959768265207,2,2020-07-23
D2,52.7571751048049,2,2020-07-24
D2,51.93298969072165,2,2020-07-25
D2,51.60453808752026,2,2020-07-26
D2,50.50341019811627,2,2020-07-27
D2,49.7074122236671,1,2020-07-28
D2,48.65661861074705,1,2020-07-29
D2,48.47581179589132,1,2020-07-30
D2,48.10252996005326,1,2020-07-31
D2,48.15061646117961,1,2020-08-01
D2,48.82772680937818,1,2020-08-02
D2,48.085394781430026,1,2020-08-03
D2,47.64326890471346,1,2020-08-04
D2,47.63525008506295,1,2020-08-05
D2,47.02216066481994,1,2020-08-06
D2,46.78930926761541,1,2020-08-07
D2,45.35974973931178,1,2020-08-08
D2,44.97708847373987,1,2020-08-09
D2,45.16584333098095,1,2020-08-10
D2,44.72663139329806,1,2020-08-11
D2,45.11143062544932,1,2020-08-12
D2,45.599420499818905,1,2020-08-13
D2,45.81046469081596,1,2020-08-14
D2,44.423997055576,1,2020-08-15
D2,44.12309974045235,1,2020-08-16
D2,43.57645316549426,1,2020-08-17
D2,43.02714763852733,1,2020-08-18
D2,41.3589364844904,1,2020-08-19
D2,39.785740672331,1,2020-08-20
D2,39.88095238095238,1,2020-08-21
D2,39.47761194029851,1,2020-08-22
D2,38.56552760045062,1,2020-08-23
D2,38.1489841986456,1,2020-08-24
D2,38.00751879699248,1,2020-08-25
D2,37.5748502994012,1,2020-08-26
D2,38.11676082862524,1,2020-08-27
D2,37.57552870090635,1,2020-08-28
D2,36.093338351524274,1,2020-08-29
D2,36.25377643504532,1,2020-08-30
D2,36.59365558912387,1,2020-08-31
D2,36.38426626323752,1,2020-09-01
D2,36.03500761035008,1,2020-09-02
D2,36.00153198008426,1,2020-09-03
D2,35.76362240982348,1,2020-09-04
D2,34.949961508852965,1,2020-09-05
D2,34.98845265588915,1,2020-09-06
D2,35.714285714285715,1,2020-09-07
D2,35.714285714285715,1,2020-09-08
D2,36.161228406909785,1,2020-09-09
D2,36.68981481481482,1,2020-09-10
D2,35.416666666666664,1,2020-09-11
D2,35.0714561606798,1,2020-09-12
D2,35.03480278422274,1,2020-09-13
D2,34.94022367913614,1,2020-09-14
D2,34.92859899652644,1,2020-09-15
D2,34.77924089852827,1,2020-09-16
D2,34.64963221060782,1,2020-09-17
D2,35.16569200779727,1,2020-09-18
D2,35.01762632197415,1,2020-09-19
D2,35.27799530148786,1,2020-09-20
D2,35.798122065727696,1,2020-09-21
D2,36.09909555642941,1,2020-09-22
D2,35.62450903377847,1,2020-09-23
D2,34.88827910623285,1,2020-09-24
D2,34.92747941983536,1,2020-09-25
D2,35.263987391646964,1,2020-09-26
D2,35.001970831690976,1,2020-09-27
D2,34.95452748121787,1,2020-09-28
D2,34.230312623664425,1,2020-09-29
D2,33.63708399366086,1,2020-09-30
D2,33.6104513064133,1,2020-10-01
D2,34.540389972144844,1,2020-10-02
D2,33.85167464114833,1,2020-10-03
D2,34.17165668662675,1,2020-10-04
D2,34.14731785428343,1,2020-10-05
D2,33.78540087754288,1,2020-10-06
D2,33.090614886731395,1,2020-10-07
D2,32.914471017430074,1,2020-10-08
D2,33.578732106339466,1,2020-10-09
D2,33.63524083985179,1,2020-10-10
D2,33.37552742616034,1,2020-10-11
D2,33.206429780033844,1,2020-10-12
D2,32.952138924184666,1,2020-10-13
D2,33.24862346463363,1,2020-10-14
D2,33.150569380008434,1,2020-10-15
D2,33.67260390161154,1,2020-10-16
D2,33.531157270029674,1,2020-10-17
D2,33.02127659574468,1,2020-10-18
D2,32.73733503618561,1,2020-10-19
D2,32.7520204168439,1,2020-10-20
D2,32.97506448839209,1,2020-10-21
D2,32.84292514063176,1,2020-10-22
D2,32.8998699609883,1,2020-10-23
D2,31.626898047722342,1,2020-10-24
D2,31.752305665349144,1,2020-10-25
D2,32.10202286719437,1,2020-10-26
D2,32.314410480349345,1,2020-10-27
D2,32.83384750991626,1,2020-10-28
D2,32.96606434552666,1,2020-10-29
D2,33.52347520842475,1,2020-10-30
D2,33.36275375110326,1,2020-10-31
D2,32.63065436978481,1,2020-11-01
D2,31.97700132684653,1,2020-11-02
D2,32.09713024282561,1,2020-11-03
D2,32.3477493380406,1,2020-11-04
D2,32.00883002207505,1,2020-11-05
D2,32.476739034116086,1,2020-11-06
D2,32.62222222222222,1,2020-11-07
D2,32.73942093541203,1,2020-11-08
D2,32.328159645232816,1,2020-11-09
D2,31.94321206743567,1,2020-11-10
D2,32.05869275233437,1,2020-11-11
D2,32.338530066815146,1,2020-11-12
D2,32.6067615658363,1,2020-11-13
D2,32.72157564905998,1,2020-11-14
D2,32.33183856502242,1,2020-11-15
D2,32.48093315388066,1,2020-11-16
D2,32.75011215791835,1,2020-11-17
D2,32.658569500674766,1,2020-11-18
D2,32.250789354984214,1,2020-11-19
D2,32.59090909090909,1,2020-11-20
D2,32.45214220601641,1,2020-11-21
D2,31.828545371637027,1,2020-11-22
D2,32.10214318285454,1,2020-11-23
D2,31.6196542311192,1,2020-11-24
D2,31.87613843351548,1,2020-11-25
D2,31.63172288058341,1,2020-11-26
D2,31.60054719562244,1,2020-11-27
D2,31.998179335457444,1,2020-11-28
D2,32.142857142857146,1,2020-11-29
D2,32.033426183844014,1,2020-11-30
D2,32.19082908754053,1,2020-12-01
D2,32.23409196470042,1,2020-12-02
D2,31.68819188191882,1,2020-12-03
D2,31.70844939647168,1,2020-12-04
D2,30.95571095571096,1,2020-12-05
D2,30.733302195235872,1,2020-12-06
D2,30.70093457943925,1,2020-12-07
D2,30.707923112986403,1,2020-12-08
D2,31.24121779859485,1,2020-12-09
D2,31.428571428571427,1,2020-12-10
D2,31.30311614730878,1,2020-12-11
D2,30.88235294117647,1,2020-12-12
D2,29.71082089552239,1,2020-12-13
D2,29.291044776119403,1,2020-12-14
D2,29.384328358208958,1,2020-12-15
D2,29.840972871842844,1,2020-12-16
D2,29.27170868347339,1,2020-12-17
D2,31.08422522103304,1,2020-12-18
D2,31.35790947270182,1,2020-12-19
D2,30.93793747083528,1,2020-12-20
D2,31.346064275733585,1,2020-12-21
D2,31.96069255966308,1,2020-12-22
D2,32.49063670411985,1,2020-12-23
D2,32.63305322128851,1,2020-12-24
D2,31.53488372093023,1,2020-12-25
D2,32.543003254300324,1,2020-12-26
D2,33.317822242903674,1,2020-12-27
D2,33.934350439204806,1,2020-12-28
D2,34.53871117292536,1,2020-12-29
D4,15.000000000000002,3,2020-04-25
D4,14.537581193937504,2,2020-04-26
D4,14.693381906496652,2,2020-04-27
D4,15.209686946249246,3,2020-04-28
D4,14.852899171665232,2,2020-04-29
D4,16.03932584269662,3,2020-04-30
D4,16.510474090407946,3,2020-05-01
D4,19.67528893780959,3,2020-05-02
D4,22.98136645962734,4,2020-05-03
D4,27.95129698253044,4,2020-05-04
D4,31.453473468341453,4,2020-05-05
D4,35.33946779408108,4,2020-05-06
D4,38.99782135076253,4,2020-05-07
D4,44.23941329548143,4,2020-05-08
D4,48.103012186709584,4,2020-05-09
D4,48.74835309617918,4,2020-05-10
D4,46.1936284650393,4,2020-05-11
D4,44.32527301092044,4,2020-05-12
D4,44.37706725468578,4,2020-05-13
D4,46.56913967258795,4,2020-05-14
D4,47.48236837789078,4,2020-05-15
D4,47.60130414531905,4,2020-05-16
D4,47.9185119574845,4,2020-05-17
D4,50.71458893448424,4,2020-05-18
D4,53.776516686934194,4,2020-05-19
D4,54.142802596410846,4,2020-05-20
D4,52.06749049429657,4,2020-05-21
D4,48.8211743772242,4,2020-05-22
D4,47.76480488061429,4,2020-05-23
D4,46.806387225548896,4,2020-05-24
D4,44.16486714862452,4,2020-05-25
D4,41.05966083823917,4,2020-05-26
D4,39.055404178019984,4,2020-05-27
D4,38.06063447413659,4,2020-05-28
D4,36.75085936332386,4,2020-05-29
D4,33.92653758542139,4,2020-05-30
D4,31.90346702923183,4,2020-05-31
D4,30.94106154347119,4,2020-06-01
D4,27.868444001494968,4,2020-06-02
D4,23.90594382756368,4,2020-06-03
D4,17.635406644405442,3,2020-06-04
D4,13.928961748633885,2,2020-06-05
D4,10.008504305304566,2,2020-06-06
D4,7.442148121424516,1,2020-06-07
D4,4.277330150203924,1,2020-06-08
D4,3.6243180046765393,1,2020-06-09
D4,4.121339914697839,1,2020-06-10
D4,7.346644214577821,1,2020-06-11
D4,9.928533742625543,1,2020-06-12
D4,12.861767405904232,2,2020-06-13
D4,14.222669928526882,2,2020-06-14
D4,15.367738242869407,3,2020-06-15
D4,15.48984580669424,3,2020-06-16
D4,14.640769549408564,2,2020-06-17
D4,13.235030476873428,2,2020-06-18
D4,11.213403726166067,2,2020-06-19
D4,9.927651012457735,1,2020-06-20
D4,8.504115571980526,1,2020-06-21
D4,7.954357532660819,1,2020-06-22
D4,7.115235885537502,1,2020-06-23
D4,6.873293720892901,1,2020-06-24
D4,6.063724520087092,1,2020-06-25
D4,5.488642159362848,1,2020-06-26
D4,4.2877171119246045,1,2020-06-27
D4,2.852498355072176,1,2020-06-28
D4,1.1412377450980462,1,2020-06-29
D4,-0.7030210906327121,1,2020-06-30
D4,-2.569496619083396,1,2020-07-01
D4,-4.119864163898944,1,2020-07-02
D4,-5.236536745016351,1,2020-07-03
D4,-5.926285522237574,1,2020-07-04
D4,-6.182735004139378,1,2020-07-05
D4,-5.959863687996984,1,2020-07-06
D4,-5.02870264064294,1,2020-07-07
D4,-4.931369524984584,1,2020-07-08
D4,-5.118125559490919,1,2020-07-09
D4,-5.313971742543178,1,2020-07-10
D4,-4.8825023817084885,1,2020-07-11
D4,-5.142192451165223,1,2020-07-12
D4,-6.301336769205984,1,2020-07-13
D4,-7.696647324306903,1,2020-07-14
D4,-8.338402887618116,1,2020-07-15
D4,-9.73008450242022,1,2020-07-16
D4,-11.133217275967832,1,2020-07-17
D4,-12.92880393957098,1,2020-07-18
D4,-13.467799906972814,1,2020-07-19
D4,-14.26238666151003,1,2020-07-20
D4,-14.424168340172876,1,2020-07-21
D4,-15.176319631874703,1,2020-07-22
D4,-14.523311824047983,1,2020-07-23
D4,-14.319029850746276,1,2020-07-24
D4,-13.17101226993865,1,2020-07-25
D4,-12.509773260359651,1,2020-07-26
D4,-10.986367281475546,1,2020-07-27
D4,-10.330578512396697,1,2020-07-28
D4,-9.889937927077357,1,2020-07-29
D4,-10.297713981924511,1,2020-07-30
D4,-9.776810016330964,1,2020-07-31
D4,-9.56060940604991,1,2020-08-01
D4,-9.109696157283294,1,2020-08-02
D4,-8.902027027027026,1,2020-08-03
D4,-8.789895886670081,1,2020-08-04
D4,-8.266280752532563,1,2020-08-05
D4,-7.627570675042969,1,2020-08-06
D4,-7.077350066369012,1,2020-08-07
D4,-6.73828125,1,2020-08-08
D4,-6.593744238923359,1,2020-08-09
D4,-6.66295815563384,1,2020-08-10
D4,-6.661676646706587,1,2020-08-11
D4,-6.386066763425248,1,2020-08-12
D4,-5.3702040292570254,1,2020-08-13
D4,-4.467242386858008,1,2020-08-14
D4,-4.280104712041885,1,2020-08-15
D4,-4.157894736842111,1,2020-08-16
D4,-4.059333818952399,1,2020-08-17
D4,-3.6955359529537497,1,2020-08-18
D4,-4.05797101449276,1,2020-08-19
D4,-5.715641738422944,1,2020-08-20
D4,-8.25800312648678,1,2020-08-21
D4,-10.31724326541775,1,2020-08-22
D4,-11.751784733662827,1,2020-08-23
D4,-11.975427940364431,1,2020-08-24
D4,-11.643883144819942,1,2020-08-25
D4,-10.904236633176415,1,2020-08-26
D4,-9.305335826262038,1,2020-08-27
D4,-7.475181508371604,1,2020-08-28
D4,-5.550049554013862,1,2020-08-29
D4,-4.511512134411941,1,2020-08-30
D4,-3.591311848192589,1,2020-08-31
D4,-2.6309589256263117,1,2020-09-01
D4,-1.4904187366926898,1,2020-09-02
D4,-1.4034253092293054,1,2020-09-03
D4,-1.4813035471214742,1,2020-09-04
D4,-2.2439260634433844,1,2020-09-05
D4,-2.500814597588795,1,2020-09-06
D4,-2.830418869459119,1,2020-09-07
D4,-3.0085497660913085,1,2020-09-08
D4,-3.666346461735507,1,2020-09-09
D4,-3.659026940088456,1,2020-09-10
D4,-3.324122236670994,1,2020-09-11
D4,-3.055073899760552,1,2020-09-12
D4,-4.219233018631457,1,2020-09-13
D4,-5.691805474177626,1,2020-09-14
D4,-6.744282744282748,1,2020-09-15
D4,-7.694864550440426,1,2020-09-16
D4,-8.80634390651086,1,2020-09-17
D4,-10.348886086591008,1,2020-09-18
D4,-12.750191636146836,1,2020-09-19
D4,-11.96789951151431,1,2020-09-20
D4,-11.200852045797458,1,2020-09-21
D4,-8.507223113964686,1,2020-09-22
D4,-7.481094706517825,1,2020-09-23
D4,-5.81235697940503,1,2020-09-24
D4,-3.8447111777944447,1,2020-09-25
D4,0.009761811792273,1,2020-09-26
D4,0.89179548156956,1,2020-09-27
D4,1.4692653673163418,1,2020-09-28
D4,-1.3547758284600435,1,2020-09-29
D4,-1.4206480490415447,1,2020-09-30
D4,-1.9533527696793005,1,2020-10-01
D4,-2.1747610688511845,1,2020-10-02
D4,-3.006344558321128,1,2020-10-03
D4,-2.563347083087802,1,2020-10-04
D4,-3.7726556343577577,1,2020-10-05
D4,-4.3276356091295325,1,2020-10-06
D4,-6.702201164741886,1,2020-10-07
D4,-6.938249578749137,1,2020-10-08
D4,-7.616389193500145,1,2020-10-09
D4,-6.621716815940429,1,2020-10-10
D4,-7.499244027819776,1,2020-10-11
D4,-6.500153546934189,1,2020-10-12
D4,-6.310027883920268,1,2020-10-13
D4,-3.798137960220055,1,2020-10-14
D4,-3.291085312599851,1,2020-10-15
D4,-2.222941620805002,1,2020-10-16
D4,-3.1899989222976566,1,2020-10-17
D4,-3.018415604227966,1,2020-10-18
D4,-3.6019268666520645,1,2020-10-19
D4,-3.009259259259259,1,2020-10-20
D4,-3.464203233256351,1,2020-10-21
D4,-4.118942731277528,1,2020-10-22
D4,-5.087738660192041,1,2020-10-23
D4,-5.944561950350662,1,2020-10-24
D4,-6.6516853932584175,1,2020-10-25
D4,-6.666666666666661,1,2020-10-26
D4,-6.898511194453921,1,2020-10-27
D4,-6.1859193438140805,1,2020-10-28
D4,-5.559384332644159,1,2020-10-29
D4,-4.813953488372094,1,2020-10-30
D4,-3.846609066161681,1,2020-10-31
D4,-3.298025999037078,1,2020-11-01
D4,-3.1759552202482357,1,2020-11-02
D4,-3.271484374999989,1,2020-11-03
D4,-4.323011536126285,1,2020-11-04
D4,-4.82850887861833,1,2020-11-05
D4,-5.387246518446128,1,2020-11-06
D4,-5.1698670605613,1,2020-11-07
D4,-4.754792133432916,1,2020-11-08
D4,-4.348372502199327,1,2020-11-09
D4,-4.5053003533568905,1,2020-11-10
D4,-4.264500571138469,1,2020-11-11
D4,-4.664536741214069,1,2020-11-12
D4,-4.712717882504836,1,2020-11-13
D4,-4.958463136033235,1,2020-11-14
D4,-4.835337166753778,1,2020-11-15
D4,-4.388385231901202,1,2020-11-16
D4,-2.92057618607111,1,2020-11-17
D4,-2.3067744929073317,1,2020-11-18
D4,-1.581769436997307,1,2020-11-19
D4,-1.5311653116531103,1,2020-11-20
D4,-1.3794045342802452,1,2020-11-21
D4,-1.6204339467179407,1,2020-11-22
D4,-1.923869726535654,1,2020-11-23
D4,-2.3822488429076927,1,2020-11-24
D4,-1.791287827384991,1,2020-11-25
D4,-2.410787251430128,1,2020-11-26
D4,-2.298059722031112,1,2020-11-27
D4,-2.395790056778833,1,2020-11-28
D4,-1.340033500837521,1,2020-11-29
D4,-1.1489421325486964,1,2020-11-30
D4,-1.129549574675777,1,2020-12-01
D4,-2.2384966146193173,1,2020-12-02
D4,-1.7585484996510816,1,2020-12-03
D4,-2.0140845070422477,1,2020-12-04
D4,-2.0573212258796887,1,2020-12-05
D4,-2.744765138653078,1,2020-12-06
D4,-3.0333097094259265,1,2020-12-07
D4,-3.187588152327228,1,2020-12-08
D4,-2.2756183745583165,1,2020-12-09
D4,-0.483023156698401,1,2020-12-10
D4,1.7680034497628287,1,2020-12-11
D4,3.187020136172685,1,2020-12-12
D4,3.680535350596437,1,2020-12-13
D4,4.166057593919017,1,2020-12-14
D4,4.734848484848492,1,2020-12-15
D4,5.018802429852487,1,2020-12-16
D4,4.282655246252677,1,2020-12-17
D4,3.91242937853108,1,2020-12-18
D4,3.832654780289204,1,2020-12-19
D4,3.9006594640101153,1,2020-12-20
D4,3.788941902890822,1,2020-12-21
D4,3.936569759354557,1,2020-12-22
D4,5.384933204792715,1,2020-12-23
D4,6.078028747433265,1,2020-12-24
D4,4.906891395949423,1,2020-12-25
D4,2.8393726338561383,1,2020-12-26
D4,2.7548953409858203,1,2020-12-27
D4,4.015684153596538,1,2020-12-28
D4,4.991970021413283,1,2020-12-29
D4,4.077365394668061,1,2020-12-30
D4,4.490902051877661,1,2020-12-31
D4,6.633842964498587,1,2021-01-01
D4,9.084932947672876,1,2021-01-02
D4,9.79103692995136,1,2021-01-03
D4,10.100090991810736,2,2021-01-04
D4,10.37603569152327,2,2021-01-05
D4,10.735811150175792,2,2021-01-06
D4,10.361862418179566,2,2021-01-07
D4,9.85419198055892,1,2021-01-08
D4,10.762926358924924,2,2021-01-09
D4,11.252094804883894,2,2021-01-10
D4,11.109799291617469,2,2021-01-11
D4,10.890403048850896,2,2021-01-12
D4,11.860755187663012,2,2021-01-13
D4,13.283348254252472,2,2021-01-14
D4,14.345758212587109,2,2021-01-15
D4,14.363438520130575,2,2021-01-16
D4,15.149558855175387,3,2021-01-17
D4,15.471257039634477,3,2021-01-18
